Reference sample,Sample,Common name,Domain,Kingdom,Phylum,Class,Order,Family,Genus,Species
bAccGen1,bAccGen1,Northern goshawk,Eukaryota,Metazoa,Chordata,Aves,Accipitriformes,Accipitridae,Accipiter,Accipiter gentilis
bAnaAcu1,bAnaAcu1,Northern pintail,Eukaryota,Metazoa,Chordata,Aves,Anseriformes,Anatidae,Anas,Anas acuta
bAnsBra1,bAnsBra1,Pink-footed goose,Eukaryota,Metazoa,Chordata,Aves,Anseriformes,Anatidae,Anser,Anser brachyrhynchus
bCinCin1,bCinCin1,White-throated dipper,Eukaryota,Metazoa,Chordata,Aves,Passeriformes,Cinclidae,Cinclus,Cinclus cinclus
bClaHye2,bClaHye2,Long-tailed duck,Eukaryota,Metazoa,Chordata,Aves,Anseriformes,Anatidae,Clangula,Clangula hyemalis
bFriCoe1,bFriCoe1,Chaffinch,Eukaryota,Metazoa,Chordata,Aves,Passeriformes,Fringillidae,Fringilla,Fringilla coelebs
bLarFus1,bLarFus1,Lesser black-backed gull,Eukaryota,Metazoa,Chordata,Aves,Charadriiformes,Laridae,Larus,Larus fuscus
bPhaCar2,bPhaCar2,Great cormorant,Eukaryota,Metazoa,Chordata,Aves,Suliformes,Phalacrocoracidae,Phalacrocorax,Phalacrocorax carbo
bTetUro1,bTetUro1,Western capercaillie,Eukaryota,Metazoa,Chordata,Aves,Galliformes,Phasianidae,Tetrao,Tetrao urogallus
cbCliDend2,cbCliDend2,Tree-moss,Eukaryota,Viridiplantae,Streptophyta,Bryopsida,Hypnales,Climaciaceae,Climacium,Climacium dendroides
cbIsoMyos1,cbIsoMyos1,Mouse-tail moss,Eukaryota,Viridiplantae,Streptophyta,Bryopsida,Hypnales,Lembophyllaceae,Isothecium,Isothecium myosuroides
cbNecPumi1,cbNecPumi1,Dwarf neckera,Eukaryota,Viridiplantae,Streptophyta,Bryopsida,Hypnales,Neckeraceae,Neckera,Neckera pumila
cbPolComm4,cbPolComm4,Common haircap,Eukaryota,Viridiplantae,Streptophyta,Polytrichopsida,Polytrichales,Polytrichaceae,Polytrichum,Polytrichum commune
cbPsePuru1,cbPsePuru1,Neat feathermoss,Eukaryota,Viridiplantae,Streptophyta,Bryopsida,Hypnales,Brachytheciaceae,Pseudoscleropodium,Pseudoscleropodium purum
cbRhyLore1,cbRhyLore1,Little shaggy-moss,Eukaryota,Viridiplantae,Streptophyta,Bryopsida,Hypnales,Hylocomiaceae,Rhytidiadelphus,Rhytidiadelphus loreus
cbThuTama2,cbThuTama2,Common tamarisk-moss,Eukaryota,Viridiplantae,Streptophyta,Bryopsida,Hypnales,Thuidiaceae,Thuidium,Thuidium tamariscinum
cmLunCruc20,cmLunCruc20,Crescent-cup liverwort,Eukaryota,Viridiplantae,Streptophyta,Marchantiopsida,Lunulariales,Lunulariaceae,Lunularia,Lunularia cruciata
daAjuCham1,daAjuCham1,.,Eukaryota,Viridiplantae,Streptophyta,Magnoliopsida,Lamiales,Lamiaceae,Ajuga,Ajuga chamaepitys
daArcMinu1,daArcMinu1,.,Eukaryota,Viridiplantae,Streptophyta,Magnoliopsida,Asterales,Asteraceae,Arctium,Arctium minus
daBalNigr1,daBalNigr1,.,Eukaryota,Viridiplantae,Streptophyta,Magnoliopsida,Lamiales,Lamiaceae,Ballota,Ballota nigra
daCalOffi1,daCalOffi1,Common marigold,Eukaryota,Viridiplantae,Streptophyta,Magnoliopsida,Asterales,Asteraceae,Calendula,Calendula officinalis
daCruLaev1,daCruLaev1,Crosswort,Eukaryota,Viridiplantae,Streptophyta,Magnoliopsida,Gentianales,Rubiaceae,Cruciata,Cruciata laevipes
daEupConf1,daEupConf1,Eyebright,Eukaryota,Viridiplantae,Streptophyta,Magnoliopsida,Lamiales,Orobanchaceae,Euphrasia,Euphrasia confusa
daGnaUlig1,daGnaUlig1,.,Eukaryota,Viridiplantae,Streptophyta,Magnoliopsida,Asterales,Asteraceae,Gnaphalium,Gnaphalium uliginosum
daLigVulg1,daLigVulg1,Common privet,Eukaryota,Viridiplantae,Streptophyta,Magnoliopsida,Lamiales,Oleaceae,Ligustrum,Ligustrum vulgare
daLinVulg1,daLinVulg1,.,Eukaryota,Viridiplantae,Streptophyta,Magnoliopsida,Lamiales,Plantaginaceae,Linaria,Linaria vulgaris
daLogMini1,daLogMini1,.,Eukaryota,Viridiplantae,Streptophyta,Magnoliopsida,Asterales,Asteraceae,Logfia,Logfia minima
daMisOron1,daMisOron1,.,Eukaryota,Viridiplantae,Streptophyta,Magnoliopsida,Lamiales,Plantaginaceae,Misopates,Misopates orontium
daPseLute1,daPseLute1,.,Eukaryota,Viridiplantae,Streptophyta,Magnoliopsida,Asterales,Asteraceae,Pseudognaphalium,Pseudognaphalium luteoalbum
daPulDyse1,daPulDyse1,.,Eukaryota,Viridiplantae,Streptophyta,Magnoliopsida,Asterales,Asteraceae,Pulicaria,Pulicaria dysenterica
daScuGale1,daScuGale1,.,Eukaryota,Viridiplantae,Streptophyta,Magnoliopsida,Lamiales,Lamiaceae,Scutellaria,Scutellaria galericulata
daScuMino1,daScuMino1,.,Eukaryota,Viridiplantae,Streptophyta,Magnoliopsida,Lamiales,Lamiaceae,Scutellaria,Scutellaria minor
daSheArve1,daSheArve1,Field madder,Eukaryota,Viridiplantae,Streptophyta,Magnoliopsida,Gentianales,Rubiaceae,Sherardia,Sherardia arvensis
daSolDulc1,daSolDulc1,.,Eukaryota,Viridiplantae,Streptophyta,Magnoliopsida,Solanales,Solanaceae,Solanum,Solanum dulcamara
daVerOffi1,daVerOffi1,.,Eukaryota,Viridiplantae,Streptophyta,Magnoliopsida,Lamiales,Verbenaceae,Verbena,Verbena officinalis
dcAgrGith1,dcAgrGith1,Corn cockle,Eukaryota,Viridiplantae,Streptophyta,Magnoliopsida,Caryophyllales,Caryophyllaceae,Agrostemma,Agrostemma githago
dcCheAlbu1,dcCheAlbu1,White goosefoot,Eukaryota,Viridiplantae,Streptophyta,Magnoliopsida,Caryophyllales,Chenopodiaceae,Chenopodium,Chenopodium album
dcFalConv1,dcFalConv1,.,Eukaryota,Viridiplantae,Streptophyta,Magnoliopsida,Caryophyllales,Polygonaceae,Fallopia,Fallopia convolvulus
dcPerMacu1,dcPerMacu1,.,Eukaryota,Viridiplantae,Streptophyta,Magnoliopsida,Caryophyllales,Polygonaceae,Persicaria,Persicaria maculosa
dcPolAvic1,dcPolAvic1,.,Eukaryota,Viridiplantae,Streptophyta,Magnoliopsida,Caryophyllales,Polygonaceae,Polygonum,Polygonum aviculare
dcSalRamo1,dcSalRamo1,.,Eukaryota,Viridiplantae,Streptophyta,Magnoliopsida,Caryophyllales,Chenopodiaceae,Salicornia,Salicornia ramosissima
dcSpeBocc1,dcSpeBocc1,.,Eukaryota,Viridiplantae,Streptophyta,Magnoliopsida,Caryophyllales,Caryophyllaceae,Spergularia,Spergularia bocconei
dcSpeMari1,dcSpeMari1,.,Eukaryota,Viridiplantae,Streptophyta,Magnoliopsida,Caryophyllales,Caryophyllaceae,Spergularia,Spergularia marina
ddAraThal4,ddAraThal4,.,Eukaryota,Viridiplantae,Streptophyta,Magnoliopsida,Brassicales,Brassicaceae,Arabidopsis,Arabidopsis thaliana
ddBarVulg1,ddBarVulg1,Winter cress,Eukaryota,Viridiplantae,Streptophyta,Magnoliopsida,Brassicales,Brassicaceae,Barbarea,Barbarea vulgaris
ddEupLath1,ddEupLath1,.,Eukaryota,Viridiplantae,Streptophyta,Magnoliopsida,Malpighiales,Euphorbiaceae,Euphorbia,Euphorbia lathyris
ddEupPepu3,ddEupPepu3,.,Eukaryota,Viridiplantae,Streptophyta,Magnoliopsida,Malpighiales,Euphorbiaceae,Euphorbia,Euphorbia peplus
ddHibTrid2,ddHibTrid2,.,Eukaryota,Viridiplantae,Streptophyta,Magnoliopsida,Malvales,Malvaceae,Hibiscus,Hibiscus tridactylites
ddLepDidy1,ddLepDidy1,.,Eukaryota,Viridiplantae,Streptophyta,Magnoliopsida,Brassicales,Brassicaceae,Lepidium,Lepidium didymum
ddPopNigr1,ddPopNigr1,.,Eukaryota,Viridiplantae,Streptophyta,Magnoliopsida,Malpighiales,Salicaceae,Populus,Populus nigra
ddPriVeri1,ddPriVeri1,.,Eukaryota,Viridiplantae,Streptophyta,Magnoliopsida,Ericales,Primulaceae,Primula,Primula veris
ddSalCapr1,ddSalCapr1,.,Eukaryota,Viridiplantae,Streptophyta,Magnoliopsida,Malpighiales,Salicaceae,Salix,Salix caprea
ddSamVale1,ddSamVale1,.,Eukaryota,Viridiplantae,Streptophyta,Magnoliopsida,Ericales,Primulaceae,Samolus,Samolus valerandi
ddVioOdor1,ddVioOdor1,Sweet violet,Eukaryota,Viridiplantae,Streptophyta,Magnoliopsida,Malpighiales,Violaceae,Viola,Viola odorata
dhAlnGlut1,dhAlnGlut1,.,Eukaryota,Viridiplantae,Streptophyta,Magnoliopsida,Fagales,Betulaceae,Alnus,Alnus glutinosa
dhMyrGale1,dhMyrGale1,Bog myrtle,Eukaryota,Viridiplantae,Streptophyta,Magnoliopsida,Fagales,Myricaceae,Myrica,Myrica gale
dhQueCerr2,dhQueCerr2,Turkey oak,Eukaryota,Viridiplantae,Streptophyta,Magnoliopsida,Fagales,Fagaceae,Quercus,Quercus cerris
dmBerVulg1,dmBerVulg1,.,Eukaryota,Viridiplantae,Streptophyta,Magnoliopsida,Ranunculales,Berberidaceae,Berberis,Berberis vulgaris
drAceCamp1,drAceCamp1,Field maple,Eukaryota,Viridiplantae,Streptophyta,Magnoliopsida,Sapindales,Sapindaceae,Acer,Acer campestre
drAilAlti1,drAilAlti1,Tree of heaven,Eukaryota,Viridiplantae,Streptophyta,Magnoliopsida,Sapindales,Simaroubaceae,Ailanthus,Ailanthus altissima
drAstGlyc1,drAstGlyc1,Liquorice milkvetch,Eukaryota,Viridiplantae,Streptophyta,Magnoliopsida,Fabales,Fabaceae,Astragalus,Astragalus glycyphyllos
drBuxSemp1,drBuxSemp1,.,Eukaryota,Viridiplantae,Streptophyta,Magnoliopsida,Buxales,Buxaceae,Buxus,Buxus sempervirens
drChaAngu1,drChaAngu1,.,Eukaryota,Viridiplantae,Streptophyta,Magnoliopsida,Myrtales,Onagraceae,Chamaenerion,Chamaenerion angustifolium
drCraLaev2,drCraLaev2,Midland hawthorn,Eukaryota,Viridiplantae,Streptophyta,Magnoliopsida,Rosales,Rosaceae,Crataegus,Crataegus laevigata
drEroMari8,drEroMari8,.,Eukaryota,Viridiplantae,Streptophyta,Magnoliopsida,Geraniales,Geraniaceae,Erodium,Erodium maritimum
drEuoEuro1,drEuoEuro1,.,Eukaryota,Viridiplantae,Streptophyta,Magnoliopsida,Celastrales,Celastraceae,Euonymus,Euonymus europaeus
drFilUlma1,drFilUlma1,.,Eukaryota,Viridiplantae,Streptophyta,Magnoliopsida,Rosales,Rosaceae,Filipendula,Filipendula ulmaria
drGeuUrba1,drGeuUrba1,.,Eukaryota,Viridiplantae,Streptophyta,Magnoliopsida,Rosales,Rosaceae,Geum,Geum urbanum
drHedHeli1,drHedHeli1,.,Eukaryota,Viridiplantae,Streptophyta,Magnoliopsida,Apiales,Araliaceae,Hedera,Hedera helix
drHumLupu1,drHumLupu1,European hop,Eukaryota,Viridiplantae,Streptophyta,Magnoliopsida,Rosales,Cannabaceae,Humulus,Humulus lupulus
drIleAqui2,drIleAqui2,English holly,Eukaryota,Viridiplantae,Streptophyta,Magnoliopsida,Aquifoliales,Aquifoliaceae,Ilex,Ilex aquifolium
drMalDome5,drMalDome5,Apple,Eukaryota,Viridiplantae,Streptophyta,Magnoliopsida,Rosales,Rosaceae,Malus,Malus domestica
drMalDome10,drMalDome10,Apple,Eukaryota,Viridiplantae,Streptophyta,Magnoliopsida,Rosales,Rosaceae,Malus,Malus domestica
drMalDome11,drMalDome11,Apple,Eukaryota,Viridiplantae,Streptophyta,Magnoliopsida,Rosales,Rosaceae,Malus,Malus domestica
drMalDome58,drMalDome58,Apple,Eukaryota,Viridiplantae,Streptophyta,Magnoliopsida,Rosales,Rosaceae,Malus,Malus domestica
drMalRobu1,drMalRobu1,Robusta-5,Eukaryota,Viridiplantae,Streptophyta,Magnoliopsida,Rosales,Rosaceae,Malus,Malus x robusta
drMalSylv7,drMalSylv7,.,Eukaryota,Viridiplantae,Streptophyta,Magnoliopsida,Rosales,Rosaceae,Malus,Malus sylvestris
drMedArab1,drMedArab1,.,Eukaryota,Viridiplantae,Streptophyta,Magnoliopsida,Fabales,Fabaceae,Medicago,Medicago arabica
drMedLupu1,drMedLupu1,.,Eukaryota,Viridiplantae,Streptophyta,Magnoliopsida,Fabales,Fabaceae,Medicago,Medicago lupulina
drParJuda1,drParJuda1,.,Eukaryota,Viridiplantae,Streptophyta,Magnoliopsida,Rosales,Urticaceae,Parietaria,Parietaria judaica
drPotAnse1,drPotAnse1,.,Eukaryota,Viridiplantae,Streptophyta,Magnoliopsida,Rosales,Rosaceae,Potentilla,Potentilla anserina
drPotSter1,drPotSter1,.,Eukaryota,Viridiplantae,Streptophyta,Magnoliopsida,Rosales,Rosaceae,Potentilla,Potentilla sterilis
drPruPadu1,drPruPadu1,Bird cherry,Eukaryota,Viridiplantae,Streptophyta,Magnoliopsida,Rosales,Rosaceae,Prunus,Prunus padus
drPyrComm1,drPyrComm1,Pear,Eukaryota,Viridiplantae,Streptophyta,Magnoliopsida,Rosales,Rosaceae,Pyrus,Pyrus communis
drTriDubi3,drTriDubi3,.,Eukaryota,Viridiplantae,Streptophyta,Magnoliopsida,Fabales,Fabaceae,Trifolium,Trifolium dubium
drTriFrag1,drTriFrag1,.,Eukaryota,Viridiplantae,Streptophyta,Magnoliopsida,Fabales,Fabaceae,Trifolium,Trifolium fragiferum
drTriSubt1,drTriSubt1,.,Eukaryota,Viridiplantae,Streptophyta,Magnoliopsida,Fabales,Fabaceae,Trifolium,Trifolium subterraneum
drUmbRupe1,drUmbRupe1,.,Eukaryota,Viridiplantae,Streptophyta,Magnoliopsida,Saxifragales,Crassulaceae,Umbilicus,Umbilicus rupestris
drUrtDioi1,drUrtDioi1,Great nettle,Eukaryota,Viridiplantae,Streptophyta,Magnoliopsida,Rosales,Urticaceae,Urtica,Urtica dioica
drUrtUren1,drUrtUren1,.,Eukaryota,Viridiplantae,Streptophyta,Magnoliopsida,Rosales,Urticaceae,Urtica,Urtica urens
eaLuiSars1,eaLuiSars1,(a starfish),Eukaryota,Metazoa,Echinodermata,Asteroidea,Paxillosida,Luidiidae,Luidia,Luidia sarsii
eaMarGlac1,eaMarGlac1,Spiny starfish,Eukaryota,Metazoa,Echinodermata,Asteroidea,Forcipulatida,Asteriidae,Marthasterias,Marthasterias glacialis
ecAntBifi1,ecAntBifi1,Rosy feather star,Eukaryota,Metazoa,Echinodermata,Crinoidea,Comatulida,Antedonidae,Antedon,Antedon bifida
fAbrBra2,fAbrBra2,Common bream,Eukaryota,Metazoa,Chordata,Actinopteri,Cypriniformes,Cyprinidae,Abramis,Abramis brama
fAciRut3,fAciRut3,sterlet,Eukaryota,Metazoa,Chordata,Actinopteri,Acipenseriformes,Acipenseridae,Acipenser ,Acipenser ruthenus
fBarBab1,fBarBab1,Barbel,Eukaryota,Metazoa,Chordata,Actinopteri,Cypriniformes,Cyprinidae,Barbus,Barbus barbus
fBarBar1,fBarBar1,Stone loach,Eukaryota,Metazoa,Chordata,Actinopteri,Cypriniformes,Nemacheilidae,Barbatula,Barbatula barbatula
fBleOce1,fBleOce1,Butterfly blenny,Eukaryota,Metazoa,Chordata,Actinopteri,Blenniiformes,Blenniidae,Blennius,Blennius ocellaris
fCarCar2,fCarCar2,Crucian carp,Eukaryota,Metazoa,Chordata,Actinopteri,Cypriniformes,Cyprinidae,Carassius,Carassius carassius
fCheLab1,fCheLab1,Thicklip grey mullet,Eukaryota,Metazoa,Chordata,Actinopteri,Mugiliformes,Mugilidae,Chelon,Chelon labrosus
fConCon1,fConCon1,European conger,Eukaryota,Metazoa,Chordata,Actinopteri,Anguilliformes,Congridae,Conger,Conger conger
fCycLum2,fCycLum2,Lumpfish,Eukaryota,Metazoa,Chordata,Actinopteri,Perciformes,Cyclopteridae,Cyclopterus,Cyclopterus lumpus
fDanRer4,fDanRer4,Zebrafish,Eukaryota,Metazoa,Chordata,Actinopteri,Cypriniformes,Cyprinidae,Danio,Danio rerio
fEchVip8,fEchVip8,Lesser weever,Eukaryota,Metazoa,Chordata,Actinopteri,Perciformes,Trachinidae,Echiichthys,Echiichthys vipera
fEutGur1,fEutGur1,Grey gurnard,Eukaryota,Metazoa,Chordata,Actinopteri,Perciformes,Triglidae,Eutrigla,Eutrigla gurnardus
fGobGob1,fGobGob1,Gudgeon,Eukaryota,Metazoa,Chordata,Actinopteri,Cypriniformes,Cyprinidae,Gobio,Gobio gobio
fGobNig1,fGobNig1,Black goby,Eukaryota,Metazoa,Chordata,Actinopteri,Gobiiformes,Gobiidae,Gobius,Gobius niger
fHypImm3,fHypImm3,Greater sand-eel,Eukaryota,Metazoa,Chordata,Actinopteri,Uranoscopiformes,Ammodytidae,Hyperoplus,Hyperoplus immaculatus
fLabBer1,fLabBer1,Ballan wrasse,Eukaryota,Metazoa,Chordata,Actinopteri,Labriformes,Labridae,Labrus,Labrus bergylta
fLabMix1,fLabMix1,Cuckoo wrasse,Eukaryota,Metazoa,Chordata,Actinopteri,Labriformes,Labridae,Labrus,Labrus mixtus
fLipPho2,fLipPho2,Shanny,Eukaryota,Metazoa,Chordata,Actinopteri,Blenniiformes,Blenniidae,Lipophrys,Lipophrys pholis
fMicPou1,fMicPou1,Blue whiting,Eukaryota,Metazoa,Chordata,Actinopteri,Gadiformes,Gadidae,Micromesistius,Micromesistius poutassou
fMicVar1,fMicVar1,Thickback sole,Eukaryota,Metazoa,Chordata,Actinopteri,Pleuronectiformes,Soleidae,Microchirus,Microchirus variegatus
fPhoGun1,fPhoGun1,Rock gunnel,Eukaryota,Metazoa,Chordata,Actinopteri,Perciformes,Pholidae,Pholis,Pholis gunnellus
fPhoPho1,fPhoPho1,Eurasian minnow,Eukaryota,Metazoa,Chordata,Actinopteri,Cypriniformes,Cyprinidae,Phoxinus,Phoxinus phoxinus
fPlaFle2,fPlaFle2,European flounder,Eukaryota,Metazoa,Chordata,Actinopteri,Pleuronectiformes,Pleuronectidae,Platichthys,Platichthys flesus
fPlePla1,fPlePla1,European plaice,Eukaryota,Metazoa,Chordata,Actinopteri,Pleuronectiformes,Pleuronectidae,Pleuronectes,Pleuronectes platessa
fPolPol2,fPolPol2,Pollack,Eukaryota,Metazoa,Chordata,Actinopteri,Gadiformes,Gadidae,Pollachius,Pollachius pollachius
fPunPun2,fPunPun2,Ninespine stickleback,Eukaryota,Metazoa,Chordata,Actinopteri,Perciformes,Gasterosteidae,Pungitius,Pungitius pungitius
fRutRut2,fRutRut2,Roach minnow,Eukaryota,Metazoa,Chordata,Actinopteri,Cypriniformes,Cyprinidae,Rutilus,Rutilus rutilus
fSalTru1,fSalTru1,Brown trout,Eukaryota,Metazoa,Chordata,Actinopteri,Salmoniformes,Salmonidae,Salmo,Salmo trutta
fScoMax1,fScoMax1,Turbot,Eukaryota,Metazoa,Chordata,Actinopteri,Pleuronectiformes,Scophthalmidae,Scophthalmus,Scophthalmus maximus
fScoSco1,fScoSco1,Atlantic mackerel,Eukaryota,Metazoa,Chordata,Actinopteri,Scombriformes,Scombridae,Scomber,Scomber scombrus
fSprSpr1,fSprSpr1,European sprat,Eukaryota,Metazoa,Chordata,Actinopteri,Clupeiformes,Clupeidae,Sprattus,Sprattus sprattus
fSquCep2,fSquCep2,European chub,Eukaryota,Metazoa,Chordata,Actinopteri,Cypriniformes,Cyprinidae,Squalius,Squalius cephalus
fSymMel2,fSymMel2,Corkwing wrasse,Eukaryota,Metazoa,Chordata,Actinopteri,Labriformes,Labridae,Symphodus,Symphodus melops
fSynAcu2,fSynAcu2,Greater pipefish,Eukaryota,Metazoa,Chordata,Actinopteri,Syngnathiformes,Syngnathidae,Syngnathus,Syngnathus acus
fTauBub2,fTauBub2,Long-spined sea scorpion,Eukaryota,Metazoa,Chordata,Actinopteri,Perciformes,Cottidae,Taurulus,Taurulus bubalis
fTelBon1,fTelBon1,.,Eukaryota,Metazoa,Chordata,Actinopteri,Atheriniformes,Telmatherinidae,Telmatherina,Telmatherina bonti
fThuMac1,fThuMac1,Southern bluefin tuna,Eukaryota,Metazoa,Chordata,Actinopteri,Scombriformes,Scombridae,Thunnus,Thunnus maccoyii
fTraTra1,fTraTra1,Atlantic horse mackerel,Eukaryota,Metazoa,Chordata,Actinopteri,Carangiformes,Carangidae,Trachurus,Trachurus trachurus
fZeuFab8,fZeuFab8,John dory,Eukaryota,Metazoa,Chordata,Actinopteri,Zeiformes,Zeidae,Zeus,Zeus faber
gfAgaBisp1,gfAgaBisp1,Cultivated mushroom,Eukaryota,Fungi,Basidiomycota,Agaricomycetes,Agaricales,Agaricaceae,Agaricus,Agaricus bisporus
gfClaFumo1,gfClaFumo1,Smoky spindles,Eukaryota,Fungi,Basidiomycota,Agaricomycetes,Agaricales,Clavariaceae,Clavaria,Clavaria fumosa
gfFlaVelt1,gfFlaVelt1,Velvet shank,Eukaryota,Fungi,Basidiomycota,Agaricomycetes,Agaricales,Physalacriaceae,Flammulina,Flammulina velutipes
gfLaeSulp1,gfLaeSulp1,Chicken of the woods,Eukaryota,Fungi,Basidiomycota,Agaricomycetes,Polyporales,Laetiporaceae,Laetiporus,Laetiporus sulphureus
gfPleOstr1,gfPleOstr1,Oyster mushroom,Eukaryota,Fungi,Basidiomycota,Agaricomycetes,Agaricales,Pleurotaceae,Pleurotus,Pleurotus ostreatus
gfPorCaly1,gfPorCaly1,.,Eukaryota,Fungi,Basidiomycota,Agaricomycetes,Agaricales,Hygrophoraceae,Porpolomopsis,Porpolomopsis calyptriformis
glLicPygm2,glLicPygm2,Black lichen,Eukaryota,Fungi,Ascomycota,Lichinomycetes,Lichinales,Lichinaceae,Lichina,Lichina pygmaea
grCorFumo1,grCorFumo1,.,Eukaryota,Fungi,Ascomycota,Sordariomycetes,Hypocreales,Cordycipitaceae,Cordyceps,Cordyceps fumosorosea
grSimLame1,grSimLame1,.,Eukaryota,Fungi,Ascomycota,Sordariomycetes,Hypocreales,Cordycipitaceae,Simplicillium,Simplicillium lamellicola
grTriPseu1,grTriPseu1,.,Eukaryota,Fungi,Ascomycota,Sordariomycetes,Hypocreales,Hypocreaceae,Trichoderma,Trichoderma citrinoviride
gsMetZobe1,gsMetZobe1,(a marine yeast),Eukaryota,Fungi,Ascomycota,Pichiomycetes,Serinales,Metschnikowiaceae,Metschnikowia,Metschnikowia zobellii
gzEntParv1,gzEntParv1,.,Eukaryota,Fungi,Mucoromycota,Mortierellomycetes,Mortierellales,Mortierellaceae,Entomortierella,Entomortierella parvispora
gzMucPiri1,gzMucPiri1,.,Eukaryota,Fungi,Mucoromycota,Mucoromycetes,Mucorales,Mucoraceae,Mucor,Mucor piriformis
iHemFuc1,iHemFuc2,Broad-bordered bee hawk-moth,Eukaryota,Metazoa,Arthropoda,Insecta,Lepidoptera,Sphingidae,Hemaris,Hemaris fuciformis
icAdaBipu1,icAdaBipu15,2-spot ladybird,Eukaryota,Metazoa,Arthropoda,Insecta,Coleoptera,Coccinellidae,Adalia,Adalia bipunctata
icAdaBipu1,icAdaBipu20,2-spot ladybird,Eukaryota,Metazoa,Arthropoda,Insecta,Coleoptera,Coccinellidae,Adalia,Adalia bipunctata
icAdaBipu1,icAdaBipu28,2-spot ladybird,Eukaryota,Metazoa,Arthropoda,Insecta,Coleoptera,Coccinellidae,Adalia,Adalia bipunctata
icAdaBipu1,icAdaBipu29,2-spot ladybird,Eukaryota,Metazoa,Arthropoda,Insecta,Coleoptera,Coccinellidae,Adalia,Adalia bipunctata
icAdaBipu1,icAdaBipu31,2-spot ladybird,Eukaryota,Metazoa,Arthropoda,Insecta,Coleoptera,Coccinellidae,Adalia,Adalia bipunctata
icAdaBipu1,icAdaBipu32,2-spot ladybird,Eukaryota,Metazoa,Arthropoda,Insecta,Coleoptera,Coccinellidae,Adalia,Adalia bipunctata
icAdaBipu1,icAdaBipu33,2-spot ladybird,Eukaryota,Metazoa,Arthropoda,Insecta,Coleoptera,Coccinellidae,Adalia,Adalia bipunctata
icAdaBipu1,icAdaBipu34,2-spot ladybird,Eukaryota,Metazoa,Arthropoda,Insecta,Coleoptera,Coccinellidae,Adalia,Adalia bipunctata
icAdaBipu1,icAdaBipu36,2-spot ladybird,Eukaryota,Metazoa,Arthropoda,Insecta,Coleoptera,Coccinellidae,Adalia,Adalia bipunctata
icAdaBipu1,icAdaBipu6,2-spot ladybird,Eukaryota,Metazoa,Arthropoda,Insecta,Coleoptera,Coccinellidae,Adalia,Adalia bipunctata
icAdaBipu1,icAdaBipu9,2-spot ladybird,Eukaryota,Metazoa,Arthropoda,Insecta,Coleoptera,Coccinellidae,Adalia,Adalia bipunctata
icAdaBipu1,icAdaBipu1,2-spot ladybird,Eukaryota,Metazoa,Arthropoda,Insecta,Coleoptera,Coccinellidae,Adalia,Adalia bipunctata
icAgoFuli1,icAgoFuli1,.,Eukaryota,Metazoa,Arthropoda,Insecta,Coleoptera,Carabidae,Agonum,Agonum fuliginosum
icAgrCyan1,icAgrCyan1,.,Eukaryota,Metazoa,Arthropoda,Insecta,Coleoptera,Buprestidae,Agrilus,Agrilus cyanescens
icAgrMuri1,icAgrMuri1,.,Eukaryota,Metazoa,Arthropoda,Insecta,Coleoptera,Elateridae,Agrypnus,Agrypnus murinus
icAnaMacu3,icAnaMacu3,.,Eukaryota,Metazoa,Arthropoda,Insecta,Coleoptera,Scraptiidae,Anaspis,Anaspis maculata
icApoCory1,icApoCory1,Hazel leaf-roller,Eukaryota,Metazoa,Arthropoda,Insecta,Coleoptera,Attelabidae,Apoderus,Apoderus coryli
icCanRufa1,icCanRufa1,.,Eukaryota,Metazoa,Arthropoda,Insecta,Coleoptera,Cantharidae,Cantharis,Cantharis rufa
icCanRust1,icCanRust3,Sailor beetle,Eukaryota,Metazoa,Arthropoda,Insecta,Coleoptera,Cantharidae,Cantharis,Cantharis rustica
icCanRust1,icCanRust1,Sailor beetle,Eukaryota,Metazoa,Arthropoda,Insecta,Coleoptera,Cantharidae,Cantharis,Cantharis rustica
icCetAura1,icCetAura1,.,Eukaryota,Metazoa,Arthropoda,Insecta,Coleoptera,Scarabaeidae,Cetonia,Cetonia aurata
icChrOric1,icChrOric1,.,Eukaryota,Metazoa,Arthropoda,Insecta,Coleoptera,Chrysomelidae,Chrysolina,Chrysolina oricalcia
icCocSept1,icCocSept1,Seven-spotted ladybird,Eukaryota,Metazoa,Arthropoda,Insecta,Coleoptera,Coccinellidae,Coccinella,Coccinella septempunctata
icCryMora2,icCryMora2,.,Eukaryota,Metazoa,Arthropoda,Insecta,Coleoptera,Chrysomelidae,Cryptocephalus,Cryptocephalus moraei
icElmAene2,icElmAene2,Riffle beetle,Eukaryota,Metazoa,Arthropoda,Insecta,Coleoptera,Elmidae,Elmis,Elmis aenea
icHalSede1,icHalSede1,Orange ladybird,Eukaryota,Metazoa,Arthropoda,Insecta,Coleoptera,Coccinellidae,Halyzia,Halyzia sedecimguttata
icHarAxyr1,icHarAxyr1,Harlequin,Eukaryota,Metazoa,Arthropoda,Insecta,Coleoptera,Coccinellidae,Harmonia,Harmonia axyridis
icLagHirt1,icLagHirt1,.,Eukaryota,Metazoa,Arthropoda,Insecta,Coleoptera,Tenebrionidae,Lagria,Lagria hirta
icLeiSpin1,icLeiSpin1,.,Eukaryota,Metazoa,Arthropoda,Insecta,Coleoptera,Carabidae,Leistus,Leistus spinibarbis
icLepMacu1,icLepMacu1,.,Eukaryota,Metazoa,Arthropoda,Insecta,Coleoptera,Cerambycidae,Rutpela,Rutpela maculata
icLocCapr1,icLocCapr1,Willow leaf beetle,Eukaryota,Metazoa,Arthropoda,Insecta,Coleoptera,Chrysomelidae,Lochmaea,Lochmaea capreae
icLocCrat2,icLocCrat2,Hawthorn leaf beetle,Eukaryota,Metazoa,Arthropoda,Insecta,Coleoptera,Chrysomelidae,Lochmaea,Lochmaea crataegi
icMalBipu1,icMalBipu1,Common malachite beetle,Eukaryota,Metazoa,Arthropoda,Insecta,Coleoptera,Melyridae,Malachius,Malachius bipustulatus
icMelMelo1,icMelMelo1,Cockchafer,Eukaryota,Metazoa,Arthropoda,Insecta,Coleoptera,Scarabaeidae,Melolontha,Melolontha melolontha
icNebBrev1,icNebBrev1,.,Eukaryota,Metazoa,Arthropoda,Insecta,Coleoptera,Carabidae,Nebria,Nebria brevicollis
icNebSali1,icNebSali1,.,Eukaryota,Metazoa,Arthropoda,Insecta,Coleoptera,Carabidae,Nebria,Nebria salina
icOcyOlen1,icOcyOlen1,Devil's coach horse,Eukaryota,Metazoa,Arthropoda,Insecta,Coleoptera,Staphylinidae,Ocypus,Ocypus olens
icOphArdo1,icOphArdo1,.,Eukaryota,Metazoa,Arthropoda,Insecta,Coleoptera,Carabidae,Ophonus,Ophonus ardosiacus
icPhiCogn1,icPhiCogn1,Rove beetle,Eukaryota,Metazoa,Arthropoda,Insecta,Coleoptera,Staphylinidae,Philonthus,Philonthus cognatus
icPodAlpi1,icPodAlpi1,.,Eukaryota,Metazoa,Arthropoda,Insecta,Coleoptera,Cantharidae,Podabrus,Podabrus alpinus
icPolCerv1,icPolCerv1,.,Eukaryota,Metazoa,Arthropoda,Insecta,Coleoptera,Curculionidae,Polydrusus,Polydrusus cervinus
icPteMadi1,icPteMadi3,Black clock beetle,Eukaryota,Metazoa,Arthropoda,Insecta,Coleoptera,Carabidae,Pterostichus,Pterostichus madidus
icPteMadi1,icPteMadi1,Black clock beetle,Eukaryota,Metazoa,Arthropoda,Insecta,Coleoptera,Carabidae,Pterostichus,Pterostichus madidus
icPteNige1,icPteNige1,.,Eukaryota,Metazoa,Arthropoda,Insecta,Coleoptera,Carabidae,Pterostichus,Pterostichus niger
icPyrSerr1,icPyrSerr1,Red-headed cardinal beetle,Eukaryota,Metazoa,Arthropoda,Insecta,Coleoptera,Pyrochroidae,Pyrochroa,Pyrochroa serraticornis
icRhaFulv1,icRhaFulv1,Common red soldier beetle,Eukaryota,Metazoa,Arthropoda,Insecta,Coleoptera,Cantharidae,Rhagonycha,Rhagonycha fulva
icSilAtra2,icSilAtra2,Black snail beetle,Eukaryota,Metazoa,Arthropoda,Insecta,Coleoptera,Silphidae,Silpha,Phosphuga atrata
idAcrOrbc1,idAcrOrbc1,Top-horned hunchback,Eukaryota,Metazoa,Arthropoda,Insecta,Diptera,Acroceridae,Acrocera,Acrocera orbiculus
idBacElon1,idBacElon1,Gossamer hoverfly,Eukaryota,Metazoa,Arthropoda,Insecta,Diptera,Syrphidae,Baccha,Baccha elongata
idBelPand1,idBelPand1,Bisetose emerald-bottle,Eukaryota,Metazoa,Arthropoda,Insecta,Diptera,Calliphoridae,Bellardia,Bellardia pandia
idBerChal2,idBerChal2,Yellow-legged black legionnaire,Eukaryota,Metazoa,Arthropoda,Insecta,Diptera,Stratiomyidae,Beris,Beris chalybata
idBibMarc1,idBibMarc1,St. mark's fly,Eukaryota,Metazoa,Arthropoda,Insecta,Diptera,Bibionidae,Bibio,Bibio marci
idBleFall4,idBleFall4,Pine hoverfly,Eukaryota,Metazoa,Arthropoda,Insecta,Diptera,Syrphidae,Blera,Blera fallax
idBomDisc1,idBomDisc1,Dotted bee fly,Eukaryota,Metazoa,Arthropoda,Insecta,Diptera,Bombyliidae,Bombylius,Bombylius discolor
idBomMajo1,idBomMajo1,Dark edged bee fly,Eukaryota,Metazoa,Arthropoda,Insecta,Diptera,Bombyliidae,Bombylius,Bombylius major
idBraLaph1,idBraLaph1,Forest hoverfly,Eukaryota,Metazoa,Arthropoda,Insecta,Diptera,Syrphidae,Brachypalpus,Brachypalpus laphriformis
idCalVomi1,idCalVomi1,.,Eukaryota,Metazoa,Arthropoda,Insecta,Diptera,Calliphoridae,Calliphora,Calliphora vomitoria
idCheImpr3,idCheImpr3,.,Eukaryota,Metazoa,Arthropoda,Insecta,Diptera,Syrphidae,Cheilosia,Cheilosia impressa
idChePaga1,idChePaga1,Parsley cheilosia,Eukaryota,Metazoa,Arthropoda,Insecta,Diptera,Syrphidae,Cheilosia,Cheilosia pagana
idCheUrba1,idCheUrba1,Hawkweed cheilosia,Eukaryota,Metazoa,Arthropoda,Insecta,Diptera,Syrphidae,Cheilosia,Cheilosia urbana
idCheVern2,idCheVern2,Yarrow cheilosia,Eukaryota,Metazoa,Arthropoda,Insecta,Diptera,Syrphidae,Cheilosia,Cheilosia vernalis
idCheVulp2,idCheVulp2,Large burdock cheilosia,Eukaryota,Metazoa,Arthropoda,Insecta,Diptera,Syrphidae,Cheilosia,Cheilosia vulpina
idChrBici1,idChrBici1,Two-banded wasp hoverfly,Eukaryota,Metazoa,Arthropoda,Insecta,Diptera,Syrphidae,Chrysotoxum,Chrysotoxum bicinctum
idCisGlob1,idCisGlob1,.,Eukaryota,Metazoa,Arthropoda,Insecta,Diptera,Tachinidae,Cistogaster,Cistogaster globosa
idCluTigr1,idCluTigr1,.,Eukaryota,Metazoa,Arthropoda,Insecta,Diptera,Clusiidae,Clusia,Clusia tigrina
idCoePili4,idCoePili4,.,Eukaryota,Metazoa,Arthropoda,Insecta,Diptera,Coelopidae,Coelopa,Coelopa pilipes
idCorMarg1,idCorMarg1,.,Eukaryota,Metazoa,Arthropoda,Insecta,Diptera,Sciomyzidae,Coremacera,Coremacera marginata
idCriBerb1,idCriBerb1,Dimorphic bear hoverfly,Eukaryota,Metazoa,Arthropoda,Insecta,Diptera,Syrphidae,Criorhina,Criorhina berberina
idDasAlbo1,idDasAlbo1,Stripe-backed dasysyrphus,Eukaryota,Metazoa,Arthropoda,Insecta,Diptera,Syrphidae,Dasysyrphus,Dasysyrphus albostriatus
idEpiBalt1,idEpiBalt1,Marmalade hoverfly,Eukaryota,Metazoa,Arthropoda,Insecta,Diptera,Syrphidae,Episyrphus,Episyrphus balteatus
idEpiEuco1,idEpiEuco1,.,Eukaryota,Metazoa,Arthropoda,Insecta,Diptera,Syrphidae,Epistrophella,Epistrophella euchroma
idEpiGros1,idEpiGros1,Broad-banded epistrophe,Eukaryota,Metazoa,Arthropoda,Insecta,Diptera,Syrphidae,Epistrophe,Epistrophe grossulariae
idEpiSucc1,idEpiSucc1,.,Eukaryota,Metazoa,Arthropoda,Insecta,Diptera,Tachinidae,Epicampocera,Epicampocera succincta
idEriArbu1,idEriArbu1,Plane-faced dronefly,Eukaryota,Metazoa,Arthropoda,Insecta,Diptera,Syrphidae,Eristalis,Eristalis arbustorum
idEriPert2,idEriPert2,Tapered dronefly,Eukaryota,Metazoa,Arthropoda,Insecta,Diptera,Syrphidae,Eristalis,Eristalis pertinax
idEriSepu1,idEriSepu1,Small spotty-eyed dronefly,Eukaryota,Metazoa,Arthropoda,Insecta,Diptera,Syrphidae,Eristalinus,Eristalinus sepulchralis
idEriTena2,idEriTena2,The dronefly,Eukaryota,Metazoa,Arthropoda,Insecta,Diptera,Syrphidae,Eristalis,Eristalis tenax
idEupCoro1,idEupCoro1,.,Eukaryota,Metazoa,Arthropoda,Insecta,Diptera,Syrphidae,Eupeodes,Eupeodes corollae
idEupLati1,idEupLati1,Meadow field syrph,Eukaryota,Metazoa,Arthropoda,Insecta,Diptera,Syrphidae,Eupeodes,Eupeodes latifasciatus
idGymRotn1,idGymRotn1,.,Eukaryota,Metazoa,Arthropoda,Insecta,Diptera,Tachinidae,Gymnosoma,Gymnosoma rotundatum
idLeuLate1,idLeuLate1,Dark-saddled leucozona,Eukaryota,Metazoa,Arthropoda,Insecta,Diptera,Syrphidae,Leucozona,Leucozona laternaria
idLypDubi1,idLypDubi1,.,Eukaryota,Metazoa,Arthropoda,Insecta,Diptera,Tachinidae,Lypha,Lypha dubia
idMacAtri3,idMacAtri3,.,Eukaryota,Metazoa,Arthropoda,Insecta,Diptera,Asilidae,Machimus,Machimus atricapillus
idMelAuri2,idMelAuri2,Spotted meliscaeva,Eukaryota,Metazoa,Arthropoda,Insecta,Diptera,Syrphidae,Meliscaeva,Meliscaeva auricollis
idMelMell2,idMelMell2,Dumpy grass hoverfly,Eukaryota,Metazoa,Arthropoda,Insecta,Diptera,Syrphidae,Melanostoma,Melanostoma mellinum
idMyaFlor2,idMyaFlor2,Batman hoverfly,Eukaryota,Metazoa,Arthropoda,Insecta,Diptera,Syrphidae,Myathropa,Myathropa florea
idMyoTess1,idMyoTess1,.,Eukaryota,Metazoa,Arthropoda,Insecta,Diptera,Conopidae,Myopa,Myopa tessellatipennis
idNemNigr1,idNemNigr1,.,Eukaryota,Metazoa,Arthropoda,Insecta,Diptera,Stratiomyidae,Nemotelus,Nemotelus nigrinus
idNeoCyan1,idNeoCyan1,Common awl robberfly,Eukaryota,Metazoa,Arthropoda,Insecta,Diptera,Asilidae,Neoitamus,Neoitamus cyanurus
idNeoInte1,idNeoInte1,Bulrush neoascia,Eukaryota,Metazoa,Arthropoda,Insecta,Diptera,Syrphidae,Neoascia,Neoascia interrupta
idNepAppe1,idNepAppe1,Spotted cranefly,Eukaryota,Metazoa,Arthropoda,Insecta,Diptera,Tipulidae,Nephrotoma,Nephrotoma appendiculata
idNepFlae1,idNepFlae1,Cranefly,Eukaryota,Metazoa,Arthropoda,Insecta,Diptera,Tipulidae,Nephrotoma,Nephrotoma flavescens
idNepScut1,idNepScut1,.,Eukaryota,Metazoa,Arthropoda,Insecta,Diptera,Pipunculidae,Nephrocerus,Nephrocerus scutellatus
idNowFero1,idNowFero1,.,Eukaryota,Metazoa,Arthropoda,Insecta,Diptera,Tachinidae,Nowickia,Nowickia ferox
idPheCory1,idPheCory1,.,Eukaryota,Metazoa,Arthropoda,Insecta,Diptera,Sciomyzidae,Pherbina,Pherbina coryleti
idPhyMeln1,idPhyMeln1,.,Eukaryota,Metazoa,Arthropoda,Insecta,Diptera,Rhinophoridae,Phyto,Phyto melanocephala
idPlaAlba1,idPlaAlba3,White-footed hoverfly,Eukaryota,Metazoa,Arthropoda,Insecta,Diptera,Syrphidae,Platycheirus,Platycheirus albimanus
idPlaAlba1,idPlaAlba4,White-footed hoverfly,Eukaryota,Metazoa,Arthropoda,Insecta,Diptera,Syrphidae,Platycheirus,Platycheirus albimanus
idPlaAlba1,idPlaAlba1,White-footed hoverfly,Eukaryota,Metazoa,Arthropoda,Insecta,Diptera,Syrphidae,Platycheirus,Platycheirus albimanus
idPoeNobi2,idPoeNobi2,.,Eukaryota,Metazoa,Arthropoda,Insecta,Diptera,Dolichopodidae,Poecilobothrus,Poecilobothrus nobilitatus
idPolAmen1,idPolAmen1,Black-bellied clusterfly,Eukaryota,Metazoa,Arthropoda,Insecta,Diptera,Polleniidae,Pollenia,Pollenia amentaria
idPolAngu1,idPolAngu1,Narrow-cheeked clusterfly,Eukaryota,Metazoa,Arthropoda,Insecta,Diptera,Polleniidae,Pollenia,Pollenia angustigena
idPolDomi1,idPolDomi1,.,Eukaryota,Metazoa,Arthropoda,Insecta,Diptera,Muscidae,Polietes,Polietes domitor
idProAzur1,idProAzur1,Bird blowfly,Eukaryota,Metazoa,Arthropoda,Insecta,Diptera,Calliphoridae,Protocalliphora,Protocalliphora azurea
idRhiCamp1,idRhiCamp1,Common snout-hoverfly,Eukaryota,Metazoa,Arthropoda,Insecta,Diptera,Syrphidae,Rhingia,Rhingia campestris
idSarCaer1,idSarCaer1,.,Eukaryota,Metazoa,Arthropoda,Insecta,Diptera,Sarcophagidae,Sarcophaga,Sarcophaga caerulescens
idSarRose1,idSarRose1,.,Eukaryota,Metazoa,Arthropoda,Insecta,Diptera,Sarcophagidae,Sarcophaga,Sarcophaga rosellei
idSarSubv1,idSarSubv1,.,Eukaryota,Metazoa,Arthropoda,Insecta,Diptera,Sarcophagidae,Sarcophaga,Sarcophaga subvicina
idSarVari1,idSarVari1,.,Eukaryota,Metazoa,Arthropoda,Insecta,Diptera,Sarcophagidae,Sarcophaga,Sarcophaga variegata
idScaPyra1,idScaPyra1,Pied hoverfly,Eukaryota,Metazoa,Arthropoda,Insecta,Diptera,Syrphidae,Scaeva,Scaeva pyrastri
idSicFerr1,idSicFerr1,Ferruginous bee-grabber,Eukaryota,Metazoa,Arthropoda,Insecta,Diptera,Conopidae,Sicus,Sicus ferrugineus
idSphTaen1,idSphTaen1,.,Eukaryota,Metazoa,Arthropoda,Insecta,Diptera,Syrphidae,Sphaerophoria,Sphaerophoria taeniata
idStoLuna1,idStoLuna1,.,Eukaryota,Metazoa,Arthropoda,Insecta,Diptera,Rhiniidae,Stomorhina,Stomorhina lunata
idSuiVari3,idSuiVari3,.,Eukaryota,Metazoa,Arthropoda,Insecta,Diptera,Heleomyzidae,Suillia,Suillia variegata
idSyrPipi1,idSyrPipi10,Thick-legged hoverfly,Eukaryota,Metazoa,Arthropoda,Insecta,Diptera,Syrphidae,Syritta,Syritta pipiens
idSyrPipi1,idSyrPipi11,Thick-legged hoverfly,Eukaryota,Metazoa,Arthropoda,Insecta,Diptera,Syrphidae,Syritta,Syritta pipiens
idSyrPipi1,idSyrPipi2,Thick-legged hoverfly,Eukaryota,Metazoa,Arthropoda,Insecta,Diptera,Syrphidae,Syritta,Syritta pipiens
idSyrPipi1,idSyrPipi5,Thick-legged hoverfly,Eukaryota,Metazoa,Arthropoda,Insecta,Diptera,Syrphidae,Syritta,Syritta pipiens
idSyrPipi1,idSyrPipi6,Thick-legged hoverfly,Eukaryota,Metazoa,Arthropoda,Insecta,Diptera,Syrphidae,Syritta,Syritta pipiens
idSyrPipi1,idSyrPipi7,Thick-legged hoverfly,Eukaryota,Metazoa,Arthropoda,Insecta,Diptera,Syrphidae,Syritta,Syritta pipiens
idSyrPipi1,idSyrPipi8,Thick-legged hoverfly,Eukaryota,Metazoa,Arthropoda,Insecta,Diptera,Syrphidae,Syritta,Syritta pipiens
idSyrPipi1,idSyrPipi9,Thick-legged hoverfly,Eukaryota,Metazoa,Arthropoda,Insecta,Diptera,Syrphidae,Syritta,Syritta pipiens
idSyrPipi1,idSyrPipi1,Thick-legged hoverfly,Eukaryota,Metazoa,Arthropoda,Insecta,Diptera,Syrphidae,Syritta,Syritta pipiens
idTacFera2,idTacFera2,.,Eukaryota,Metazoa,Arthropoda,Insecta,Diptera,Tachinidae,Tachina,Tachina fera
idTacLuri1,idTacLuri1,.,Eukaryota,Metazoa,Arthropoda,Insecta,Diptera,Tachinidae,Tachina,Tachina lurida
idTheAcut1,idTheAcut1,.,Eukaryota,Metazoa,Arthropoda,Insecta,Diptera,Tachinidae,Thecocarcelia,Thecocarcelia acutangulata
idTheAtra2,idTheAtra2,.,Eukaryota,Metazoa,Arthropoda,Insecta,Diptera,Conopidae,Thecophora,Thecophora atra
idTheSoli1,idTheSoli1,.,Eukaryota,Metazoa,Arthropoda,Insecta,Diptera,Tachinidae,Thelaira,Thelaira solivaga
idVolBomb1,idVolBomb1,Bumblebee hoverfly,Eukaryota,Metazoa,Arthropoda,Insecta,Diptera,Syrphidae,Volucella,Volucella bombylans
idVolInan1,idVolInan1,Lesser hornet hoverfly,Eukaryota,Metazoa,Arthropoda,Insecta,Diptera,Syrphidae,Volucella,Volucella inanis
idVolInfl1,idVolInfl1,Cossus hoverfly,Eukaryota,Metazoa,Arthropoda,Insecta,Diptera,Syrphidae,Volucella,Volucella inflata
idXanPedi1,idXanPedi1,Hoverfly,Eukaryota,Metazoa,Arthropoda,Insecta,Diptera,Syrphidae,Xanthogramma,Xanthogramma pedissequum
idXylSylv2,idXylSylv2,Golden-tailed hoverfly,Eukaryota,Metazoa,Arthropoda,Insecta,Diptera,Syrphidae,Xylota,Xylota sylvarum
ihAcaHaem1,ihAcaHaem1,Hawthorn shieldbug,Eukaryota,Metazoa,Arthropoda,Insecta,Hemiptera,Acanthosomatidae,Acanthosoma,Acanthosoma haemorrhoidale
ihAelAcum1,ihAelAcum1,Bishop's mitre shieldbug,Eukaryota,Metazoa,Arthropoda,Insecta,Hemiptera,Pentatomidae,Aelia,Aelia acuminata
ihDrePlat2,ihDrePlat2,Common sycamore aphid,Eukaryota,Metazoa,Arthropoda,Insecta,Hemiptera,Aphididae,Drepanosiphum,Drepanosiphum platanoidis
ihGonAcut1,ihGonAcut1,Box bug,Eukaryota,Metazoa,Arthropoda,Insecta,Hemiptera,Coreidae,Gonocerus,Gonocerus acuteangulatus
ihRhaNebu1,ihRhaNebu1,.,Eukaryota,Metazoa,Arthropoda,Insecta,Hemiptera,Pentatomidae,Rhaphigaster,Rhaphigaster nebulosa
iiAthCine2,iiAthCine2,.,Eukaryota,Metazoa,Arthropoda,Insecta,Trichoptera,Leptoceridae,Athripsodes,Athripsodes cinereus
iiGlyPell1,iiGlyPell1,.,Eukaryota,Metazoa,Arthropoda,Insecta,Trichoptera,Limnephilidae,Glyphotaelius,Glyphotaelius pellucidus
iiLimLuna2,iiLimLuna2,.,Eukaryota,Metazoa,Arthropoda,Insecta,Trichoptera,Limnephilidae,Limnephilus,Limnephilus lunatus
iiLimMarm1,iiLimMarm1,.,Eukaryota,Metazoa,Arthropoda,Insecta,Trichoptera,Limnephilidae,Limnephilus,Limnephilus marmoratus
iiLimRhom1,iiLimRhom1,.,Eukaryota,Metazoa,Arthropoda,Insecta,Trichoptera,Limnephilidae,Limnephilus,Limnephilus rhombicus
ilAbrTril1,ilAbrTril1,Dark spectacle,Eukaryota,Metazoa,Arthropoda,Insecta,Lepidoptera,Noctuidae,Abrostola,Abrostola triplasia
ilAbrTrip1,ilAbrTrip1,The spectacle,Eukaryota,Metazoa,Arthropoda,Insecta,Lepidoptera,Noctuidae,Abrostola,Abrostola tripartita
ilAceEphe1,ilAceEphe1,Water veneer,Eukaryota,Metazoa,Arthropoda,Insecta,Lepidoptera,Crambidae,Acentria,Acentria ephemerella
ilAchFlav2,ilAchFlav2,Yellow horned,Eukaryota,Metazoa,Arthropoda,Insecta,Lepidoptera,Drepanidae,Achlya,Achlya flavicornis
ilAclCris2,ilAclCris2,Tufted button,Eukaryota,Metazoa,Arthropoda,Insecta,Lepidoptera,Tortricidae,Acleris,Acleris cristana
ilAclEmar1,ilAclEmar1,Notch-wing button,Eukaryota,Metazoa,Arthropoda,Insecta,Lepidoptera,Tortricidae,Acleris,Acleris emargana
ilAclLite1,ilAclLite1,Lichen button,Eukaryota,Metazoa,Arthropoda,Insecta,Lepidoptera,Tortricidae,Acleris,Acleris literana
ilAclSpar1,ilAclSpar1,Ashy button,Eukaryota,Metazoa,Arthropoda,Insecta,Lepidoptera,Tortricidae,Acleris,Acleris sparsana
ilAcrAcer1,ilAcrAcer1,The sycamore,Eukaryota,Metazoa,Arthropoda,Insecta,Lepidoptera,Noctuidae,Acronicta,Acronicta aceris
ilAcrLepo1,ilAcrLepo1,The miller,Eukaryota,Metazoa,Arthropoda,Insecta,Lepidoptera,Noctuidae,Acronicta,Acronicta leporina
ilAcrPsix1,ilAcrPsix1,.,Eukaryota,Metazoa,Arthropoda,Insecta,Lepidoptera,Noctuidae,Acronicta,Acronicta psi
ilAcrSuav1,ilAcrSuav1,Thicket knot-horn,Eukaryota,Metazoa,Arthropoda,Insecta,Lepidoptera,Pyralidae,Acrobasis,Acrobasis suavella
ilAglIoxx1,ilAglIoxx1,European peacock,Eukaryota,Metazoa,Arthropoda,Insecta,Lepidoptera,Nymphalidae,Inachis,Inachis io
ilAglUrti1,ilAglUrti1,Small tortoiseshell,Eukaryota,Metazoa,Arthropoda,Insecta,Lepidoptera,Nymphalidae,Aglais,Nymphalis urticae
ilAgoAren1,ilAgoAren1,Brindled flat-body,Eukaryota,Metazoa,Arthropoda,Insecta,Lepidoptera,Depressariidae,Agonopterix,Agonopterix arenella
ilAgoSubp1,ilAgoSubp1,Ruddy flat-body,Eukaryota,Metazoa,Arthropoda,Insecta,Lepidoptera,Depressariidae,Agonopterix,Agonopterix subpropinquella
ilAgrAura1,ilAgrAura1,Scarce umber,Eukaryota,Metazoa,Arthropoda,Insecta,Lepidoptera,Geometridae,Agriopis,Agriopis aurantiaria
ilAgrCirc1,ilAgrCirc1,The brick,Eukaryota,Metazoa,Arthropoda,Insecta,Lepidoptera,Noctuidae,Agrochola,Agrochola circellaris
ilAgrLeuc1,ilAgrLeuc1,Spring usher,Eukaryota,Metazoa,Arthropoda,Insecta,Lepidoptera,Geometridae,Agriopis,Agriopis leucophaearia
ilAgrLota1,ilAgrLota1,.,Eukaryota,Metazoa,Arthropoda,Insecta,Lepidoptera,Noctuidae,Agrochola,Agrochola lota
ilAgrMaci1,ilAgrMaci1,Yellow-line quaker,Eukaryota,Metazoa,Arthropoda,Insecta,Lepidoptera,Noctuidae,Agrochola,Agrochola macilenta
ilAgrMarg1,ilAgrMarg1,Dotted border,Eukaryota,Metazoa,Arthropoda,Insecta,Lepidoptera,Geometridae,Agriopis,Agriopis marginaria
ilAgrPuta1,ilAgrPuta1,Shuttle-shaped dart,Eukaryota,Metazoa,Arthropoda,Insecta,Lepidoptera,Noctuidae,Agrotis,Agrotis puta
ilAgrTris1,ilAgrTris1,Common grass-veneer,Eukaryota,Metazoa,Arthropoda,Insecta,Lepidoptera,Crambidae,Agriphila,Agriphila tristella
ilAlcRepa2,ilAlcRepa2,Mottled beauty moth,Eukaryota,Metazoa,Arthropoda,Insecta,Lepidoptera,Geometridae,Alcis,Alcis repandata
ilAllOxya1,ilAllOxya1,Green-brindled crescent,Eukaryota,Metazoa,Arthropoda,Insecta,Lepidoptera,Noctuidae,Allophyes,Allophyes oxyacanthae
ilAlsAesc1,ilAlsAesc1,March moth,Eukaryota,Metazoa,Arthropoda,Insecta,Lepidoptera,Geometridae,Alsophila,Alsophila aescularia
ilAmpBerb1,ilAmpBerb1,Svensson's copper underwing,Eukaryota,Metazoa,Arthropoda,Insecta,Lepidoptera,Noctuidae,Amphipyra,Amphipyra berbera
ilAmpLuce6,ilAmpLuce6,.,Eukaryota,Metazoa,Arthropoda,Insecta,Lepidoptera,Noctuidae,Amphipoea,Amphipoea lucens
ilAmpOcul1,ilAmpOcul1,Ear moth,Eukaryota,Metazoa,Arthropoda,Insecta,Lepidoptera,Noctuidae,Amphipoea,Amphipoea oculea
ilAmpTrag2,ilAmpTrag2,Mouse moth,Eukaryota,Metazoa,Arthropoda,Insecta,Lepidoptera,Noctuidae,Amphipyra,Amphipyra tragopoginis
ilAnaInnx2,ilAnaInnx2,Acer sober,Eukaryota,Metazoa,Arthropoda,Insecta,Lepidoptera,Gelechiidae,Anarsia,Anarsia innoxiella
ilAnoMund1,ilAnoMund1,Twin-spotted quaker,Eukaryota,Metazoa,Arthropoda,Insecta,Lepidoptera,Noctuidae,Anorthoa,Anorthoa munda
ilAntCard3,ilAntCard3,Orange tip,Eukaryota,Metazoa,Arthropoda,Insecta,Lepidoptera,Pieridae,Anthocharis,Anthocharis cardamines
ilAntChix2,ilAntChix2,.,Eukaryota,Metazoa,Arthropoda,Insecta,Lepidoptera,Noctuidae,Antitype,Antitype chi
ilAntDeri1,ilAntDeri1,Streamer,Eukaryota,Metazoa,Arthropoda,Insecta,Lepidoptera,Geometridae,Anticlea,Anticlea derivata
ilApaEpom1,ilApaEpom1,Clouded brindle,Eukaryota,Metazoa,Arthropoda,Insecta,Lepidoptera,Noctuidae,Apamea,Apamea epomidion
ilApaMono1,ilApaMono1,Dark arches,Eukaryota,Metazoa,Arthropoda,Insecta,Lepidoptera,Noctuidae,Apamea,Apamea monoglypha
ilApaSord1,ilApaSord1,Rustic shoulder-knot,Eukaryota,Metazoa,Arthropoda,Insecta,Lepidoptera,Noctuidae,Apamea,Apamea sordens
ilApeSyri1,ilApeSyri1,Lilac beauty,Eukaryota,Metazoa,Arthropoda,Insecta,Lepidoptera,Geometridae,Apeira,Apeira syringaria
ilAplEffo1,ilAplEffo1,Lesser treble-bar,Eukaryota,Metazoa,Arthropoda,Insecta,Lepidoptera,Geometridae,Aplocera,Aplocera efformata
ilApoBetu1,ilApoBetu1,Birch marble,Eukaryota,Metazoa,Arthropoda,Insecta,Lepidoptera,Tortricidae,Apotomis,Apotomis betuletana
ilApoBist1,ilApoBist1,Heath knot-horn,Eukaryota,Metazoa,Arthropoda,Insecta,Lepidoptera,Pyralidae,Apomyelois,Apomyelois bistriatella
ilApoCapr1,ilApoCapr1,Sallow marble,Eukaryota,Metazoa,Arthropoda,Insecta,Lepidoptera,Tortricidae,Apotomis,Apotomis capreana
ilApoCrat1,ilApoCrat1,Black veined white,Eukaryota,Metazoa,Arthropoda,Insecta,Lepidoptera,Pieridae,Aporia,Aporia crataegi
ilApoHisp1,ilApoHisp1,Small brindled beauty,Eukaryota,Metazoa,Arthropoda,Insecta,Lepidoptera,Geometridae,Apocheima,Apocheima hispidaria
ilApoLima1,ilApoLima1,.,Eukaryota,Metazoa,Arthropoda,Insecta,Lepidoptera,Limacodidae,Apoda,Apoda limacodes
ilApoLuen1,ilApoLuen1,Northern deep-brown dart,Eukaryota,Metazoa,Arthropoda,Insecta,Lepidoptera,Noctuidae,Aporophyla,Aporophyla lueneburgensis
ilApoNigr3,ilApoNigr3,.,Eukaryota,Metazoa,Arthropoda,Insecta,Lepidoptera,Noctuidae,Aporophyla,Aporophyla nigra
ilApoTurb1,ilApoTurb1,White-shouldered marble,Eukaryota,Metazoa,Arthropoda,Insecta,Lepidoptera,Tortricidae,Apotomis,Apotomis turbidana
ilArcCraa1,ilArcCraa1,Brown oak tortrix,Eukaryota,Metazoa,Arthropoda,Insecta,Lepidoptera,Tortricidae,Archips,Archips crataeganus
ilArcXylo1,ilArcXylo1,Variegated golden tortrix,Eukaryota,Metazoa,Arthropoda,Insecta,Lepidoptera,Tortricidae,Archips,Archips xylosteana
ilAriAges1,ilAriAges2,Brown argus,Eukaryota,Metazoa,Arthropoda,Insecta,Lepidoptera,Lycaenidae,Aricia,Aricia agestis
ilAriAges1,ilAriAges1,Brown argus,Eukaryota,Metazoa,Arthropoda,Insecta,Lepidoptera,Lycaenidae,Aricia,Aricia agestis
ilAriArta2,ilAriArta2,Northern brown argus,Eukaryota,Metazoa,Arthropoda,Insecta,Lepidoptera,Lycaenidae,Aricia,Aricia artaxerxes
ilAteCent1,ilAteCent1,Centre-barred sallow,Eukaryota,Metazoa,Arthropoda,Insecta,Lepidoptera,Noctuidae,Atethmia,Atethmia centrago
ilAthMouf1,ilAthMouf1,Dotted grey groundling,Eukaryota,Metazoa,Arthropoda,Insecta,Lepidoptera,Gelechiidae,Athrips,Athrips mouffetella
ilAutGamm1,ilAutGamm1,Silver y,Eukaryota,Metazoa,Arthropoda,Insecta,Lepidoptera,Noctuidae,Autographa,Autographa gamma
ilAutPulc1,ilAutPulc1,Beautiful golden y,Eukaryota,Metazoa,Arthropoda,Insecta,Lepidoptera,Noctuidae,Autographa,Autographa pulchrina
ilBemIchn1,ilBemIchn1,Six-belted clearwing,Eukaryota,Metazoa,Arthropoda,Insecta,Lepidoptera,Sesiidae,Bembecia,Bembecia ichneumoniformis
ilBicAnyn1,ilBicAnyn1,Squinting bush brown,Eukaryota,Metazoa,Arthropoda,Insecta,Lepidoptera,Nymphalidae,Bicyclus,Bicyclus anynana
ilBisBetu1,ilBisBetu1,Peppered moth,Eukaryota,Metazoa,Arthropoda,Insecta,Lepidoptera,Geometridae,Biston,Biston betularia
ilBlaAdus2,ilBlaAdus2,Dingy dowd,Eukaryota,Metazoa,Arthropoda,Insecta,Lepidoptera,Blastobasidae,Blastobasis,Blastobasis adustella
ilBlaLact1,ilBlaLact1,London dowd,Eukaryota,Metazoa,Arthropoda,Insecta,Lepidoptera,Blastobasidae,Blastobasis,Blastobasis lacticolella
ilBolSele5,ilBolSele5,Silver meadow fritillary,Eukaryota,Metazoa,Arthropoda,Insecta,Lepidoptera,Nymphalidae,Boloria,Boloria selene
ilBraVimi1,ilBraVimi1,Minor shoulder-knot,Eukaryota,Metazoa,Arthropoda,Insecta,Lepidoptera,Noctuidae,Brachylomia,Brachylomia viminalis
ilCalPalu1,ilCalPalu1,Bulrush veneer,Eukaryota,Metazoa,Arthropoda,Insecta,Lepidoptera,Crambidae,Calamotropha,Calamotropha paludella
ilCamMarg1,ilCamMarg1,Light emerald,Eukaryota,Metazoa,Arthropoda,Insecta,Lepidoptera,Geometridae,Campaea,Campaea margaritaria
ilCarClav1,ilCarClav1,Pale mottled willow,Eukaryota,Metazoa,Arthropoda,Insecta,Lepidoptera,Noctuidae,Caradrina,Caradrina clavipalpis
ilCarKade1,ilCarKade1,.,Eukaryota,Metazoa,Arthropoda,Insecta,Lepidoptera,Noctuidae,Caradrina,Caradrina kadenii
ilCarPala2,ilCarPala2,Arctic skipper,Eukaryota,Metazoa,Arthropoda,Insecta,Lepidoptera,Hesperiidae,Carterocephalus,Carterocephalus palaemon
ilCarQuer1,ilCarQuer1,Long-horned flat-body,Eukaryota,Metazoa,Arthropoda,Insecta,Lepidoptera,Depressariidae,Carcina,Carcina quercana
ilCatFrax1,ilCatFrax1,Cliften non-pareil,Eukaryota,Metazoa,Arthropoda,Insecta,Lepidoptera,Erebidae,Catocala,Catocala fraxini
ilCelArgi3,ilCelArgi3,Holly blue,Eukaryota,Metazoa,Arthropoda,Insecta,Lepidoptera,Lycaenidae,Celastrina,Celastrina argiolus
ilChaFerr1,ilChaFerr1,Brown rustic,Eukaryota,Metazoa,Arthropoda,Insecta,Lepidoptera,Noctuidae,Charanyca,Charanyca ferruginea
ilCheLega1,ilCheLega1,.,Eukaryota,Metazoa,Arthropoda,Insecta,Lepidoptera,Geometridae,Chesias,Chesias legatella
ilChlSite2,ilChlSite2,Red-green carpet,Eukaryota,Metazoa,Arthropoda,Insecta,Lepidoptera,Geometridae,Chloroclysta,Chloroclysta siterata
ilChrCulm1,ilChrCulm1,Garden grass-veneer,Eukaryota,Metazoa,Arthropoda,Insecta,Lepidoptera,Crambidae,Chrysoteuchia,Chrysoteuchia culmella
ilCloCurt1,ilCloCurt1,Chocolate tip,Eukaryota,Metazoa,Arthropoda,Insecta,Lepidoptera,Notodontidae,Clostera,Clostera curtula
ilColCroc2,ilColCroc2,Clouded yellow,Eukaryota,Metazoa,Arthropoda,Insecta,Lepidoptera,Pieridae,Colias,Colias croceus
ilColFlav1,ilColFlav1,Tipped oak case-bearer,Eukaryota,Metazoa,Arthropoda,Insecta,Lepidoptera,Coleophoridae,Coleophora,Coleophora flavipennella
ilConVacc3,ilConVacc3,The chestnut,Eukaryota,Metazoa,Arthropoda,Insecta,Lepidoptera,Noctuidae,Conistra,Conistra vaccinii
ilCosPyra2,ilCosPyra2,.,Eukaryota,Metazoa,Arthropoda,Insecta,Lepidoptera,Noctuidae,Cosmia,Cosmia pyralina
ilCosTrap1,ilCosTrap1,Dun-bar pinion,Eukaryota,Metazoa,Arthropoda,Insecta,Lepidoptera,Noctuidae,Cosmia,Cosmia trapezina
ilCraLigu1,ilCraLigu1,Coronet,Eukaryota,Metazoa,Arthropoda,Insecta,Lepidoptera,Noctuidae,Craniophora,Craniophora ligustri
ilCroElin1,ilCroElin1,Scalloped oak,Eukaryota,Metazoa,Arthropoda,Insecta,Lepidoptera,Geometridae,Crocallis,Crocallis elinguaria
ilCyaSemi1,ilCyaSemi1,Mazarine blue,Eukaryota,Metazoa,Arthropoda,Insecta,Lepidoptera,Lycaenidae,Cyaniris,Cyaniris semiargus
ilCybMeso1,ilCybMeso1,.,Eukaryota,Metazoa,Arthropoda,Insecta,Lepidoptera,Erebidae,Cybosia,Cybosia mesomella
ilCydAmpl1,ilCydAmpl1,.,Eukaryota,Metazoa,Arthropoda,Insecta,Lepidoptera,Tortricidae,Cydia,Cydia amplana
ilCydSple1,ilCydSple1,Marbled piercer,Eukaryota,Metazoa,Arthropoda,Insecta,Lepidoptera,Tortricidae,Cydia,Cydia splendana
ilCydStro3,ilCydStro1,Spruce-seed moth,Eukaryota,Metazoa,Arthropoda,Insecta,Lepidoptera,Tortricidae,Cydia,Cydia strobilella
ilCydStro3,ilCydStro3,Spruce-seed moth,Eukaryota,Metazoa,Arthropoda,Insecta,Lepidoptera,Tortricidae,Cydia,Cydia strobilella
ilDeiPorc1,ilDeiPorc1,Small elephant hawk-moth,Eukaryota,Metazoa,Arthropoda,Insecta,Lepidoptera,Sphingidae,Deilephila,Deilephila porcellus
ilDiaChry1,ilDiaChry1,Burnished brass,Eukaryota,Metazoa,Arthropoda,Insecta,Lepidoptera,Noctuidae,Diachrysia,Diachrysia chrysitis
ilDiaMend1,ilDiaMend1,Muslin,Eukaryota,Metazoa,Arthropoda,Insecta,Lepidoptera,Erebidae,Diaphora,Diaphora mendica
ilDiaRubi1,ilDiaRubi1,Small square-spot,Eukaryota,Metazoa,Arthropoda,Insecta,Lepidoptera,Noctuidae,Diarsia,Diarsia rubi
ilDicOoxx2,ilDicOoxx2,.,Eukaryota,Metazoa,Arthropoda,Insecta,Lepidoptera,Noctuidae,Dicycla,Dicycla oo
ilDilCaer1,ilDilCaer1,Figure of eight,Eukaryota,Metazoa,Arthropoda,Insecta,Lepidoptera,Noctuidae,Diloba,Diloba caeruleocephala
ilDreFalc1,ilDreFalc1,Pebble hook-tip,Eukaryota,Metazoa,Arthropoda,Insecta,Lepidoptera,Drepanidae,Drepana,Drepana falcataria
ilDryErem1,ilDryErem1,Brindled green,Eukaryota,Metazoa,Arthropoda,Insecta,Lepidoptera,Noctuidae,Dryobotodes,Dryobotodes eremita
ilDryLabe1,ilDryLabe1,Oak rustic,Eukaryota,Metazoa,Arthropoda,Insecta,Lepidoptera,Noctuidae,Dryobota,Dryobota labecula
ilDryRufi1,ilDryRufi1,Lunar marbled brown,Eukaryota,Metazoa,Arthropoda,Insecta,Lepidoptera,Notodontidae,Drymonia,Drymonia ruficornis
ilEclSila1,ilEclSila1,Small phoenix,Eukaryota,Metazoa,Arthropoda,Insecta,Lepidoptera,Geometridae,Ecliptopera,Ecliptopera silaceata
ilEilCani1,ilEilCani1,.,Eukaryota,Metazoa,Arthropoda,Insecta,Lepidoptera,Erebidae,Eilema,Eilema caniola
ilEilDepe1,ilEilDepe1,Buff footman,Eukaryota,Metazoa,Arthropoda,Insecta,Lepidoptera,Erebidae,Eilema,Eilema depressum
ilEilSoro1,ilEilSoro1,Orange footman,Eukaryota,Metazoa,Arthropoda,Insecta,Lepidoptera,Erebidae,Eilema,Eilema sororcula
ilEleCory1,ilEleCory1,Broken-barred carpet,Eukaryota,Metazoa,Arthropoda,Insecta,Lepidoptera,Geometridae,Electrophaes,Electrophaes corylata
ilEleSimi1,ilEleSimi1,White-barred knot-horn,Eukaryota,Metazoa,Arthropoda,Insecta,Lepidoptera,Pyralidae,Elegia,Elegia similella
ilEmmMono1,ilEmmMono1,Common plume,Eukaryota,Metazoa,Arthropoda,Insecta,Lepidoptera,Pterophoridae,Emmelina,Emmelina monodactyla
ilEndFlam1,ilEndFlam1,Rose-flounced tabby,Eukaryota,Metazoa,Arthropoda,Insecta,Lepidoptera,Pyralidae,Endotricha,Endotricha flammealis
ilEnnFusc2,ilEnnFusc2,Dusky thorn,Eukaryota,Metazoa,Arthropoda,Insecta,Lepidoptera,Geometridae,Ennomos,Ennomos fuscantarius
ilEnnQuei1,ilEnnQuei1,August thorn,Eukaryota,Metazoa,Arthropoda,Insecta,Lepidoptera,Geometridae,Ennomos,Ennomos quercinarius
ilEpiBilu1,ilEpiBilu1,Crescent bell,Eukaryota,Metazoa,Arthropoda,Insecta,Lepidoptera,Tortricidae,Epinotia,Epinotia bilunana
ilEpiDema1,ilEpiDema1,Birch bell,Eukaryota,Metazoa,Arthropoda,Insecta,Lepidoptera,Tortricidae,Epinotia,Epinotia demarniana
ilEpiNise2,ilEpiNise2,Grey poplar bell,Eukaryota,Metazoa,Arthropoda,Insecta,Lepidoptera,Tortricidae,Epinotia,Epinotia nisella
ilEpiRame1,ilEpiRame1,Small birch bell,Eukaryota,Metazoa,Arthropoda,Insecta,Lepidoptera,Tortricidae,Epinotia,Epinotia ramella
ilEraDefo1,ilEraDefo1,Mottled umber,Eukaryota,Metazoa,Arthropoda,Insecta,Lepidoptera,Geometridae,Erannis,Erannis defoliaria
ilEreAeth2,ilEreAeth2,Scotch argus,Eukaryota,Metazoa,Arthropoda,Insecta,Lepidoptera,Nymphalidae,Erebia,Erebia aethiops
ilEreLige1,ilEreLige1,Arran brown,Eukaryota,Metazoa,Arthropoda,Insecta,Lepidoptera,Nymphalidae,Erebia,Erebia ligea
ilEryTage1,ilEryTage1,Dingy skipper,Eukaryota,Metazoa,Arthropoda,Insecta,Lepidoptera,Hesperiidae,Erynnis,Erynnis tages
ilEspSulp1,ilEspSulp1,Sulphur tubic,Eukaryota,Metazoa,Arthropoda,Insecta,Lepidoptera,Oecophoridae,Esperia,Esperia sulphurella
ilEucMixx1,ilEucMixx1,Mother shipton,Eukaryota,Metazoa,Arthropoda,Insecta,Lepidoptera,Erebidae,Euclidia,Euclidia mi
ilEudLacu3,ilEudLacu3,Little grey,Eukaryota,Metazoa,Arthropoda,Insecta,Lepidoptera,Crambidae,Eudonia,Eudonia lacustrata
ilEudProf1,ilEudProf1,Diamond-back marble,Eukaryota,Metazoa,Arthropoda,Insecta,Lepidoptera,Tortricidae,Eudemis,Eudemis profundana
ilEugGlar6,ilEugGlar6,.,Eukaryota,Metazoa,Arthropoda,Insecta,Lepidoptera,Noctuidae,Eugnorisma,Eugnorisma glareosa
ilEulPrun1,ilEulPrun1,The phoenix,Eukaryota,Metazoa,Arthropoda,Insecta,Lepidoptera,Geometridae,Eulithis,Eulithis prunata
ilEulTest2,ilEulTest2,.,Eukaryota,Metazoa,Arthropoda,Insecta,Lepidoptera,Geometridae,Eulithis,Eulithis testata
ilEupAbbr2,ilEupAbbr2,Brindled pug,Eukaryota,Metazoa,Arthropoda,Insecta,Lepidoptera,Geometridae,Eupithecia,Eupithecia abbreviata
ilEupCent1,ilEupCent1,Lime-speck pug,Eukaryota,Metazoa,Arthropoda,Insecta,Lepidoptera,Geometridae,Eupithecia,Eupithecia centaureata
ilEupDodo1,ilEupDodo1,Oak tree pug,Eukaryota,Metazoa,Arthropoda,Insecta,Lepidoptera,Geometridae,Eupithecia,Eupithecia dodoneata
ilEupExig1,ilEupExig1,Mottled pug,Eukaryota,Metazoa,Arthropoda,Insecta,Lepidoptera,Geometridae,Eupithecia,Eupithecia exiguata
ilEupInsi1,ilEupInsi1,Pinion-spotted pug,Eukaryota,Metazoa,Arthropoda,Insecta,Lepidoptera,Geometridae,Eupithecia,Eupithecia insigniata
ilEupLuci1,ilEupLuci1,Small angle shades,Eukaryota,Metazoa,Arthropoda,Insecta,Lepidoptera,Noctuidae,Euplexia,Euplexia lucipara
ilEupSimi1,ilEupSimi1,Yellow-tail,Eukaryota,Metazoa,Arthropoda,Insecta,Lepidoptera,Erebidae,Euproctis,Euproctis similis
ilEupTran1,ilEupTran1,The satellite,Eukaryota,Metazoa,Arthropoda,Insecta,Lepidoptera,Noctuidae,Eupsilia,Eupsilia transversa
ilEupVulg1,ilEupVulg1,Common pug,Eukaryota,Metazoa,Arthropoda,Insecta,Lepidoptera,Geometridae,Eupithecia,Eupithecia vulgata
ilEuzPing2,ilEuzPing2,Ash-bark knot-horn,Eukaryota,Metazoa,Arthropoda,Insecta,Lepidoptera,Pyralidae,Euzophera,Euzophera pinguis
ilFabAdip1,ilFabAdip1,High brown fritillary,Eukaryota,Metazoa,Arthropoda,Insecta,Lepidoptera,Nymphalidae,Fabriciana,Fabriciana adippe
ilFisYpsi1,ilFisYpsi1,Dingy shears,Eukaryota,Metazoa,Arthropoda,Insecta,Lepidoptera,Noctuidae,Fissipunctia,Fissipunctia ypsillon
ilFurFurc1,ilFurFurc1,Sallow kitten,Eukaryota,Metazoa,Arthropoda,Insecta,Lepidoptera,Notodontidae,Furcula,Furcula furcula
ilGanPyra1,ilGanPyra1,Barred straw,Eukaryota,Metazoa,Arthropoda,Insecta,Lepidoptera,Geometridae,Gandaritis,Gandaritis pyraliata
ilGlaAlex1,ilGlaAlex1,Green-underside blue,Eukaryota,Metazoa,Arthropoda,Insecta,Lepidoptera,Lycaenidae,Glaucopsyche,Glaucopsyche alexis
ilGriApri1,ilGriApri1,Merveille du jour,Eukaryota,Metazoa,Arthropoda,Insecta,Lepidoptera,Noctuidae,Griposia,Griposia aprilina
ilGymRufi1,ilGymRufi1,Double-striped pug,Eukaryota,Metazoa,Arthropoda,Insecta,Lepidoptera,Geometridae,Gymnoscelis,Gymnoscelis rufifasciata
ilHabPyri1,ilHabPyri1,Buff arches,Eukaryota,Metazoa,Arthropoda,Insecta,Lepidoptera,Drepanidae,Habrosyne,Habrosyne pyritoides
ilHecDyso1,ilHecDyso1,Small ranunculus,Eukaryota,Metazoa,Arthropoda,Insecta,Lepidoptera,Noctuidae,Hecatera,Hecatera dysodea
ilHedSali1,ilHedSali1,White-backed marble,Eukaryota,Metazoa,Arthropoda,Insecta,Lepidoptera,Tortricidae,Hedya,Hedya salicella
ilHemAest2,ilHemAest2,Common emerald,Eukaryota,Metazoa,Arthropoda,Insecta,Lepidoptera,Geometridae,Hemithea,Hemithea aestivaria
ilHemChry1,ilHemChry1,Small emerald,Eukaryota,Metazoa,Arthropoda,Insecta,Lepidoptera,Geometridae,Hemistola,Hemistola chrysoprasaria
ilHerTari1,ilHerTari1,The fan foot,Eukaryota,Metazoa,Arthropoda,Insecta,Lepidoptera,Erebidae,Herminia,Herminia tarsipennalis
ilHesComm1,ilHesComm1,Common branded skipper,Eukaryota,Metazoa,Arthropoda,Insecta,Lepidoptera,Hesperiidae,Hesperia,Hesperia comma
ilHipSeme1,ilHipSeme1,Rock grayling,Eukaryota,Metazoa,Arthropoda,Insecta,Lepidoptera,Nymphalidae,Hipparchia,Hipparchia semele
ilHofPseu3,ilHofPseu3,Brown house moth,Eukaryota,Metazoa,Arthropoda,Insecta,Lepidoptera,Oecophoridae,Hofmannophila,Hofmannophila pseudospretella
ilHydFurc1,ilHydFurc1,July highflyer,Eukaryota,Metazoa,Arthropoda,Insecta,Lepidoptera,Geometridae,Hydriomena,Hydriomena furcata
ilHydMica1,ilHydMica1,Rosy rustic,Eukaryota,Metazoa,Arthropoda,Insecta,Lepidoptera,Noctuidae,Hydraecia,Hydraecia micacea
ilHylFasc1,ilHylFasc1,Barred red,Eukaryota,Metazoa,Arthropoda,Insecta,Lepidoptera,Geometridae,Hylaea,Hylaea fasciaria
ilHypCost1,ilHypCost1,Gold triangle,Eukaryota,Metazoa,Arthropoda,Insecta,Lepidoptera,Pyralidae,Hypsopygia,Hypsopygia costalis
ilHypProb1,ilHypProb1,The snout,Eukaryota,Metazoa,Arthropoda,Insecta,Lepidoptera,Erebidae,Hypena,Hypena proboscidalis
ilIdaAver1,ilIdaAver1,Riband wave,Eukaryota,Metazoa,Arthropoda,Insecta,Lepidoptera,Geometridae,Idaea,Idaea aversata
ilIncMasc1,ilIncMasc1,.,Eukaryota,Metazoa,Arthropoda,Insecta,Lepidoptera,Incurvariidae,Incurvaria,Incurvaria masculella
ilLacWlai2,ilLacWlai2,Light brocade,Eukaryota,Metazoa,Arthropoda,Insecta,Lepidoptera,Noctuidae,Lacanobia,Lacanobia wlatinum
ilLamSuff1,ilLamSuff1,Water carpet,Eukaryota,Metazoa,Arthropoda,Insecta,Lepidoptera,Geometridae,Lampropteryx,Lampropteryx suffumata
ilLaoPopu1,ilLaoPopu1,Poplar hawk-moth,Eukaryota,Metazoa,Arthropoda,Insecta,Lepidoptera,Sphingidae,Laothoe,Laothoe populi
ilLasFlex1,ilLasFlex1,Beautiful hook-tip,Eukaryota,Metazoa,Arthropoda,Insecta,Lepidoptera,Erebidae,Laspeyria,Laspeyria flexula
ilLasMege1,ilLasMege1,Wall brown,Eukaryota,Metazoa,Arthropoda,Insecta,Lepidoptera,Nymphalidae,Lasiommata,Lasiommata megera
ilLatStri6,ilLatStri6,.,Eukaryota,Metazoa,Arthropoda,Insecta,Lepidoptera,Tortricidae,Lathronympha,Lathronympha strigana
ilLepSina1,ilLepSina1,Wood white,Eukaryota,Metazoa,Arthropoda,Insecta,Lepidoptera,Pieridae,Leptidea,Leptidea sinapis
ilLeuSali1,ilLeuSali1,White satin,Eukaryota,Metazoa,Arthropoda,Insecta,Lepidoptera,Erebidae,Leucoma,Leucoma salicis
ilLigAdus1,ilLigAdus1,Scorched carpet,Eukaryota,Metazoa,Arthropoda,Insecta,Lepidoptera,Geometridae,Ligdia,Ligdia adustata
ilLimCami1,ilLimCami1,White admiral,Eukaryota,Metazoa,Arthropoda,Insecta,Lepidoptera,Nymphalidae,Limenitis,Limenitis camilla
ilLitOrni1,ilLitOrni1,Grey shoulder-knot,Eukaryota,Metazoa,Arthropoda,Insecta,Lepidoptera,Noctuidae,Lithophane,Lithophane ornitopus
ilLitSemi2,ilLitSemi2,Tawny pinion,Eukaryota,Metazoa,Arthropoda,Insecta,Lepidoptera,Noctuidae,Lithophane,Lithophane semibrunnea
ilLitSoci1,ilLitSoci1,Pale pinion,Eukaryota,Metazoa,Arthropoda,Insecta,Lepidoptera,Noctuidae,Lithophane,Lithophane socia
ilLobHalt1,ilLobHalt1,The seraphim,Eukaryota,Metazoa,Arthropoda,Insecta,Lepidoptera,Geometridae,Lobophora,Lobophora halterata
ilLomBima1,ilLomBima1,White-pinioned spotted,Eukaryota,Metazoa,Arthropoda,Insecta,Lepidoptera,Geometridae,Lomographa,Lomographa bimaculata
ilLupTest1,ilLupTest1,.,Eukaryota,Metazoa,Arthropoda,Insecta,Lepidoptera,Noctuidae,Luperina,Luperina testacea
ilLycHirt1,ilLycHirt1,Brindled beauty,Eukaryota,Metazoa,Arthropoda,Insecta,Lepidoptera,Geometridae,Lycia,Lycia hirtaria
ilLycPhla1,ilLycPhla1,Small copper,Eukaryota,Metazoa,Arthropoda,Insecta,Lepidoptera,Lycaenidae,Lycaena,Lycaena phlaeas
ilLymMona1,ilLymMona1,Black arches,Eukaryota,Metazoa,Arthropoda,Insecta,Lepidoptera,Erebidae,Lymantria,Lymantria monacha
ilLysBell1,ilLysBell1,Adonis blue,Eukaryota,Metazoa,Arthropoda,Insecta,Lepidoptera,Lycaenidae,Lysandra,Lysandra bellargus
ilLysCori1,ilLysCori1,Chalkhill blue,Eukaryota,Metazoa,Arthropoda,Insecta,Lepidoptera,Lycaenidae,Lysandra,Lysandra coridon
ilMacNota1,ilMacNota1,Peacock moth,Eukaryota,Metazoa,Arthropoda,Insecta,Lepidoptera,Geometridae,Macaria,Macaria notata
ilMamBras1,ilMamBras1,Cabbage moth,Eukaryota,Metazoa,Arthropoda,Insecta,Lepidoptera,Noctuidae,Mamestra,Mamestra brassicae
ilManJurt1,ilManJurt4,Meadow brown,Eukaryota,Metazoa,Arthropoda,Insecta,Lepidoptera,Nymphalidae,Maniola,Maniola jurtina
ilManJurt1,ilManJurt1,Meadow brown,Eukaryota,Metazoa,Arthropoda,Insecta,Lepidoptera,Nymphalidae,Maniola,Maniola jurtina
ilMarLuna1,ilMarLuna1,Crescent plume,Eukaryota,Metazoa,Arthropoda,Insecta,Lepidoptera,Pterophoridae,Marasmarcha,Marasmarcha lunaedactyla
ilMegAlbu1,ilMegAlbu1,Kent black arches,Eukaryota,Metazoa,Arthropoda,Insecta,Lepidoptera,Nolidae,Meganola,Meganola albula
ilMelAtha1,ilMelAtha1,Heath fritillary,Eukaryota,Metazoa,Arthropoda,Insecta,Lepidoptera,Nymphalidae,Melitaea,Mellicta athalia
ilMelCinx1,ilMelCinx1,Glanville fritillary,Eukaryota,Metazoa,Arthropoda,Insecta,Lepidoptera,Nymphalidae,Melitaea,Melitaea cinxia
ilMelGala2,ilMelGala2,Marbled white,Eukaryota,Metazoa,Arthropoda,Insecta,Lepidoptera,Nymphalidae,Melanargia,Melanargia galathea
ilMelPers1,ilMelPers1,Dot moth,Eukaryota,Metazoa,Arthropoda,Insecta,Lepidoptera,Noctuidae,Melanchra,Melanchra persicariae
ilMesFuru1,ilMesFuru1,Cloaked minor,Eukaryota,Metazoa,Arthropoda,Insecta,Lepidoptera,Noctuidae,Mesoligia,Mesoligia furuncula
ilMicArun2,ilMicArun2,White-barred gold,Eukaryota,Metazoa,Arthropoda,Insecta,Lepidoptera,Micropterigidae,Micropterix,Micropterix aruncella
ilMilMini2,ilMilMini2,Rosy footman,Eukaryota,Metazoa,Arthropoda,Insecta,Lepidoptera,Erebidae,Miltochrista,Miltochrista miniata
ilMimTili1,ilMimTili1,Lime hawk-moth,Eukaryota,Metazoa,Arthropoda,Insecta,Lepidoptera,Sphingidae,Mimas,Mimas tiliae
ilMonLaev2,ilMonLaev1,Skin moth,Eukaryota,Metazoa,Arthropoda,Insecta,Lepidoptera,Tineidae,Monopis,Monopis laevigella
ilMonLaev2,ilMonLaev2,Skin moth,Eukaryota,Metazoa,Arthropoda,Insecta,Lepidoptera,Tineidae,Monopis,Monopis laevigella
ilMusNiti1,ilMusNiti1,.,Eukaryota,Metazoa,Arthropoda,Insecta,Lepidoptera,Crambidae,Musotima,Musotima nitidalis
ilMytAlbi1,ilMytAlbi1,White-point,Eukaryota,Metazoa,Arthropoda,Insecta,Lepidoptera,Noctuidae,Mythimna,Mythimna albipuncta
ilMytFerr1,ilMytFerr1,The clay,Eukaryota,Metazoa,Arthropoda,Insecta,Lepidoptera,Noctuidae,Mythimna,Mythimna ferrago
ilMytImpu1,ilMytImpu1,Smoky wainscot,Eukaryota,Metazoa,Arthropoda,Insecta,Lepidoptera,Noctuidae,Mythimna,Mythimna impura
ilNemSwae1,ilNemSwae1,Large long-horn,Eukaryota,Metazoa,Arthropoda,Insecta,Lepidoptera,Adelidae,Nematopogon,Nematopogon swammerdamellus
ilNocFimb1,ilNocFimb1,Broad-bordered yellow underwing,Eukaryota,Metazoa,Arthropoda,Insecta,Lepidoptera,Noctuidae,Noctua,Noctua fimbriata
ilNocJant1,ilNocJant1,Tesser broad-boardered yellow underwing,Eukaryota,Metazoa,Arthropoda,Insecta,Lepidoptera,Noctuidae,Noctua,Noctua janthe
ilNocPron1,ilNocPron1,Large yellow underwing,Eukaryota,Metazoa,Arthropoda,Insecta,Lepidoptera,Noctuidae,Noctua,Noctua pronuba
ilNotDrom1,ilNotDrom1,Iron prominent,Eukaryota,Metazoa,Arthropoda,Insecta,Lepidoptera,Notodontidae,Notodonta,Notodonta dromedarius
ilNotUddm1,ilNotUddm1,Bramble shoot,Eukaryota,Metazoa,Arthropoda,Insecta,Lepidoptera,Tortricidae,Notocelia,Notocelia uddmanniana
ilNotZicz1,ilNotZicz1,Pebble prominent,Eukaryota,Metazoa,Arthropoda,Insecta,Lepidoptera,Notodontidae,Notodonta,Notodonta ziczac
ilNycReva1,ilNycReva1,Oak nycteoline,Eukaryota,Metazoa,Arthropoda,Insecta,Lepidoptera,Nolidae,Nycteola,Nycteola revayana
ilNymNiti1,ilNymNiti1,Beautiful china-mark,Eukaryota,Metazoa,Arthropoda,Insecta,Lepidoptera,Crambidae,Nymphula,Nymphula nitidulata
ilNymPoly1,ilNymPoly1,Large tortoiseshell,Eukaryota,Metazoa,Arthropoda,Insecta,Lepidoptera,Nymphalidae,Nymphalis,Nymphalis polychloros
ilOchPlec1,ilOchPlec1,Flame shoulder,Eukaryota,Metazoa,Arthropoda,Insecta,Lepidoptera,Noctuidae,Ochropleura,Ochropleura plecta
ilOchSylv3,ilOchSylv3,Large skipper,Eukaryota,Metazoa,Arthropoda,Insecta,Lepidoptera,Hesperiidae,Ochlodes,Ochlodes sylvanus
ilOliLatr1,ilOliLatr1,.,Eukaryota,Metazoa,Arthropoda,Insecta,Lepidoptera,Noctuidae,Oligia,Oligia latruncula
ilOmpLuno1,ilOmpLuno1,Lunar underwing,Eukaryota,Metazoa,Arthropoda,Insecta,Lepidoptera,Noctuidae,Omphaloscelis,Omphaloscelis lunosa
ilOpeBrum1,ilOpeBrum1,Winter moth,Eukaryota,Metazoa,Arthropoda,Insecta,Lepidoptera,Geometridae,Operophtera,Operophtera brumata
ilOpiLute1,ilOpiLute1,Brimstone moth,Eukaryota,Metazoa,Arthropoda,Insecta,Lepidoptera,Geometridae,Opisthograptis,Opisthograptis luteolata
ilOrgAnti1,ilOrgAnti2,Rusty tussock moth,Eukaryota,Metazoa,Arthropoda,Insecta,Lepidoptera,Erebidae,Orgyia,Orgyia antiqua
ilOrgAnti1,ilOrgAnti1,Rusty tussock moth,Eukaryota,Metazoa,Arthropoda,Insecta,Lepidoptera,Erebidae,Orgyia,Orgyia antiqua
ilOrtGrac1,ilOrtGrac1,Powdered quaker,Eukaryota,Metazoa,Arthropoda,Insecta,Lepidoptera,Noctuidae,Orthosia,Orthosia gracilis
ilOrtInce1,ilOrtInce1,Clouded drab,Eukaryota,Metazoa,Arthropoda,Insecta,Lepidoptera,Noctuidae,Orthosia,Orthosia incerta
ilPamAuri1,ilPamAuri1,Sycamore piercer,Eukaryota,Metazoa,Arthropoda,Insecta,Lepidoptera,Tortricidae,Pammene,Pammene aurita
ilPamFasc1,ilPamFasc1,Acorn piercer,Eukaryota,Metazoa,Arthropoda,Insecta,Lepidoptera,Tortricidae,Pammene,Pammene fasciana
ilPanCinn1,ilPanCinn1,White-faced tortrix,Eukaryota,Metazoa,Arthropoda,Insecta,Lepidoptera,Tortricidae,Pandemis,Pandemis cinnamomeana
ilPapMach1,ilPapMach1,Common yellow swallowtail,Eukaryota,Metazoa,Arthropoda,Insecta,Lepidoptera,Papilionidae,Papilio,Papilio machaon
ilParAegt1,ilParAegt1,Speckled wood,Eukaryota,Metazoa,Arthropoda,Insecta,Lepidoptera,Nymphalidae,Pararge,Pararge aegeria
ilParStra1,ilParStra1,Ringed china-mark,Eukaryota,Metazoa,Arthropoda,Insecta,Lepidoptera,Crambidae,Parapoynx,Parapoynx stratiotata
ilPerRhom1,ilPerRhom1,Willow beauty,Eukaryota,Metazoa,Arthropoda,Insecta,Lepidoptera,Geometridae,Peribatodes,Peribatodes rhomboidaria
ilPhaBuce1,ilPhaBuce1,Buff-tip,Eukaryota,Metazoa,Arthropoda,Insecta,Lepidoptera,Notodontidae,Phalera,Phalera bucephala
ilPheGnom1,ilPheGnom1,Lesser swallow prominent,Eukaryota,Metazoa,Arthropoda,Insecta,Lepidoptera,Notodontidae,Pheosia,Pheosia gnoma
ilPheTrem1,ilPheTrem1,Swallow prominent,Eukaryota,Metazoa,Arthropoda,Insecta,Lepidoptera,Notodontidae,Pheosia,Pheosia tremula
ilPhiVetu1,ilPhiVetu1,Brown scallop,Eukaryota,Metazoa,Arthropoda,Insecta,Lepidoptera,Geometridae,Philereme,Philereme vetulata
ilPhlMeti2,ilPhlMeti2,Angle shades,Eukaryota,Metazoa,Arthropoda,Insecta,Lepidoptera,Noctuidae,Phlogophora,Phlogophora meticulosa
ilPhrFuli1,ilPhrFuli1,Ruby tiger,Eukaryota,Metazoa,Arthropoda,Insecta,Lepidoptera,Erebidae,Phragmatobia,Phragmatobia fuliginosa
ilPieBrab1,ilPieBrab1,Large white,Eukaryota,Metazoa,Arthropoda,Insecta,Lepidoptera,Pieridae,Pieris,Pieris brassicae
ilPieNapi4,ilPieNapi1,Green-veined white,Eukaryota,Metazoa,Arthropoda,Insecta,Lepidoptera,Pieridae,Pieris,Pieris napi
ilPieNapi4,ilPieNapi4,Green-veined white,Eukaryota,Metazoa,Arthropoda,Insecta,Lepidoptera,Pieridae,Pieris,Pieris napi
ilPieRapa1,ilPieRapa1,Small white,Eukaryota,Metazoa,Arthropoda,Insecta,Lepidoptera,Pieridae,Pieris,Pieris rapae
ilPleArgu1,ilPleArgu1,Silver-studded blue,Eukaryota,Metazoa,Arthropoda,Insecta,Lepidoptera,Lycaenidae,Plebejus,Plebejus argus
ilPluXylo3,ilPluXylo3,Diamondback moth,Eukaryota,Metazoa,Arthropoda,Insecta,Lepidoptera,Plutellidae,Plutella,Plutella xylostella
ilPolIcar1,ilPolIcar1,Common blue,Eukaryota,Metazoa,Arthropoda,Insecta,Lepidoptera,Lycaenidae,Polyommatus,Polyommatus icarus
ilPolLich1,ilPolLich1,.,Eukaryota,Metazoa,Arthropoda,Insecta,Lepidoptera,Noctuidae,Polymixis,Polymixis lichenea
ilProPyga1,ilProPyga1,Marbled white spot,Eukaryota,Metazoa,Arthropoda,Insecta,Lepidoptera,Noctuidae,Protodeltote,Protodeltote pygarga
ilPtiCapc1,ilPtiCapc1,Coxcomb prominent,Eukaryota,Metazoa,Arthropoda,Insecta,Lepidoptera,Notodontidae,Ptilodon,Ptilodon capucinus
ilPyrFari1,ilPyrFari1,.,Eukaryota,Metazoa,Arthropoda,Insecta,Lepidoptera,Pyralidae,Pyralis,Pyralis farinalis
ilPyrMalv3,ilPyrMalv3,Grizzled skipper,Eukaryota,Metazoa,Arthropoda,Insecta,Lepidoptera,Hesperiidae,Pyrgus,Pyrgus malvae
ilSatPavo1,ilSatPavo1,Emperor moth,Eukaryota,Metazoa,Arthropoda,Insecta,Lepidoptera,Saturniidae,Saturnia,Saturnia pavonia
ilSchCost1,ilSchCost1,Pinion-streaked snout,Eukaryota,Metazoa,Arthropoda,Insecta,Lepidoptera,Erebidae,Schrankia,Schrankia costaestrigalis
ilSelDent1,ilSelDent1,Early thorn,Eukaryota,Metazoa,Arthropoda,Insecta,Lepidoptera,Geometridae,Selenia,Selenia dentaria
ilSesApif2,ilSesApif2,Hornet moth,Eukaryota,Metazoa,Arthropoda,Insecta,Lepidoptera,Sesiidae,Sesia,Sesia apiformis
ilSesBemb1,ilSesBemb1,Lunar hornet clearwing,Eukaryota,Metazoa,Arthropoda,Insecta,Lepidoptera,Sesiidae,Sesia,Sesia bembeciformis
ilShaVerb5,ilShaVerb5,Mullein moth,Eukaryota,Metazoa,Arthropoda,Insecta,Lepidoptera,Noctuidae,Cucullia,Shargacucullia verbasci
ilSphPina1,ilSphPina1,Pine hawkmoth,Eukaryota,Metazoa,Arthropoda,Insecta,Lepidoptera,Sphingidae,Sphinx,Sphinx pinastri
ilSpiLubr1,ilSpiLubr1,White ermine,Eukaryota,Metazoa,Arthropoda,Insecta,Lepidoptera,Erebidae,Spilosoma,Spilosoma lubricipeda
ilSpiLutu1,ilSpiLutu1,Buff ermine,Eukaryota,Metazoa,Arthropoda,Insecta,Lepidoptera,Erebidae,Spilarctia,Spilarctia lutea
ilSteBipu1,ilSteBipu1,Twin-spot plume,Eukaryota,Metazoa,Arthropoda,Insecta,Lepidoptera,Pterophoridae,Stenoptilia,Stenoptilia bipunctidactyla
ilSynAndr1,ilSynAndr1,Orange-tailed clearwing,Eukaryota,Metazoa,Arthropoda,Insecta,Lepidoptera,Sesiidae,Synanthedon,Synanthedon andrenaeformis
ilSynForm1,ilSynForm1,Red-tipped clearwing,Eukaryota,Metazoa,Arthropoda,Insecta,Lepidoptera,Sesiidae,Synanthedon,Synanthedon formicaeformis
ilSynMyop1,ilSynMyop1,Red-belted clearwing,Eukaryota,Metazoa,Arthropoda,Insecta,Lepidoptera,Sesiidae,Synanthedon,Synanthedon myopaeformis
ilSynTipu2,ilSynTipu2,Currant clearwing,Eukaryota,Metazoa,Arthropoda,Insecta,Lepidoptera,Sesiidae,Synanthedon,Synanthedon tipuliformis
ilSynVesp1,ilSynVesp1,Yellow-legged clearwing,Eukaryota,Metazoa,Arthropoda,Insecta,Lepidoptera,Sesiidae,Synanthedon,Synanthedon vespiformis
ilTelLucu1,ilTelLucu1,Crescent groundling,Eukaryota,Metazoa,Arthropoda,Insecta,Lepidoptera,Gelechiidae,Teleiodes,Teleiodes luculella
ilThaMatu1,ilThaMatu1,Straw underwing,Eukaryota,Metazoa,Arthropoda,Insecta,Lepidoptera,Noctuidae,Thalpophila,Thalpophila matura
ilTheBrit1,ilTheBrit1,Spruce carpet,Eukaryota,Metazoa,Arthropoda,Insecta,Lepidoptera,Geometridae,Thera,Thera britannica
ilTheObel3,ilTheObel3,.,Eukaryota,Metazoa,Arthropoda,Insecta,Lepidoptera,Geometridae,Thera,Thera obeliscata
ilThoDeci1,ilThoDeci1,Feathered gothic,Eukaryota,Metazoa,Arthropoda,Insecta,Lepidoptera,Noctuidae,Tholera,Tholera decimalis
ilThuSene1,ilThuSene1,Round-winged muslin,Eukaryota,Metazoa,Arthropoda,Insecta,Lepidoptera,Erebidae,Thumatha,Thumatha senex
ilThyBati1,ilThyBati1,Peach blossom,Eukaryota,Metazoa,Arthropoda,Insecta,Lepidoptera,Drepanidae,Thyatira,Thyatira batis
ilThySylv1,ilThySylv1,Small skipper,Eukaryota,Metazoa,Arthropoda,Insecta,Lepidoptera,Hesperiidae,Thymelicus,Thymelicus sylvestris
ilTilAura1,ilTilAura1,Barred sallow,Eukaryota,Metazoa,Arthropoda,Insecta,Lepidoptera,Noctuidae,Tiliacea,Tiliacea aurago
ilTinPell1,ilTinPell1,Casemaking clothes moth,Eukaryota,Metazoa,Arthropoda,Insecta,Lepidoptera,Tineidae,Tinea,Tinea pellionella
ilTinSemi1,ilTinSemi1,Fulvous clothes moth,Eukaryota,Metazoa,Arthropoda,Insecta,Lepidoptera,Tineidae,Tinea,Tinea semifulvella
ilTinTrin1,ilTinTrin1,Bird's-nest moth,Eukaryota,Metazoa,Arthropoda,Insecta,Lepidoptera,Tineidae,Tinea,Tinea trinotella
ilTorAlte1,ilTorAlte1,Winter shade,Eukaryota,Metazoa,Arthropoda,Insecta,Lepidoptera,Tortricidae,Tortricodes,Tortricodes alternella
ilTriEmor1,ilTriEmor1,Olive crescent,Eukaryota,Metazoa,Arthropoda,Insecta,Lepidoptera,Noctuidae,Trisateles,Trisateles emortualis
ilTyrJaco4,ilTyrJaco4,Cinnabar moth,Eukaryota,Metazoa,Arthropoda,Insecta,Lepidoptera,Erebidae,Tyria,Tyria jacobaeae
ilUdeOliv2,ilUdeOliv2,Olive pearl,Eukaryota,Metazoa,Arthropoda,Insecta,Lepidoptera,Crambidae,Udea,Udea olivalis
ilVanAtal1,ilVanAtal1,Red admiral,Eukaryota,Metazoa,Arthropoda,Insecta,Lepidoptera,Nymphalidae,Vanessa,Vanessa atalanta
ilVanCard2,ilVanCard2,Painted lady,Eukaryota,Metazoa,Arthropoda,Insecta,Lepidoptera,Nymphalidae,Vanessa,Vanessa cardui
ilWatBina1,ilWatBina1,Oak hook-tip,Eukaryota,Metazoa,Arthropoda,Insecta,Lepidoptera,Drepanidae,Watsonalla,Watsonalla binaria
ilXanIcte2,ilXanIcte2,.,Eukaryota,Metazoa,Arthropoda,Insecta,Lepidoptera,Noctuidae,Xanthia,Xanthia icteritia
ilXanSpad1,ilXanSpad1,Red twin-spot carpet,Eukaryota,Metazoa,Arthropoda,Insecta,Lepidoptera,Geometridae,Xanthorhoe,Xanthorhoe spadicearia
ilXesCnig1,ilXesCnig1,Setaceous hebrew character,Eukaryota,Metazoa,Arthropoda,Insecta,Lepidoptera,Noctuidae,Xestia,Xestia c-nigrum
ilXesSexs1,ilXesSexs1,Six-striped rustic,Eukaryota,Metazoa,Arthropoda,Insecta,Lepidoptera,Noctuidae,Xestia,Xestia sexstrigata
ilXesXant1,ilXesXant1,Square-spot rustic,Eukaryota,Metazoa,Arthropoda,Insecta,Lepidoptera,Noctuidae,Xestia,Xestia xanthographa
ilXylAreo1,ilXylAreo1,.,Eukaryota,Metazoa,Arthropoda,Insecta,Lepidoptera,Noctuidae,Xylocampa,Xylocampa areola
ilYpoCagn1,ilYpoCagn5,Spindle ermine,Eukaryota,Metazoa,Arthropoda,Insecta,Lepidoptera,Yponomeutidae,Yponomeuta,Yponomeuta cagnagella
ilYpoCagn1,ilYpoCagn1,Spindle ermine,Eukaryota,Metazoa,Arthropoda,Insecta,Lepidoptera,Yponomeutidae,Yponomeuta,Yponomeuta cagnagella
ilYpoPade2,ilYpoPade1,Spindle ermine,Eukaryota,Metazoa,Arthropoda,Insecta,Lepidoptera,Yponomeutidae,Yponomeuta,Yponomeuta padella
ilYpoPade2,ilYpoPade2,Spindle ermine,Eukaryota,Metazoa,Arthropoda,Insecta,Lepidoptera,Yponomeutidae,Yponomeuta,Yponomeuta padella
ilYpoPlub1,ilYpoPlub1,Black-tipped ermine,Eukaryota,Metazoa,Arthropoda,Insecta,Lepidoptera,Yponomeutidae,Yponomeuta,Yponomeuta plumbellus
ilYpoRore1,ilYpoRore1,Apple ermine moth,Eukaryota,Metazoa,Arthropoda,Insecta,Lepidoptera,Yponomeutidae,Yponomeuta,Yponomeuta malinellus
ilYpoSedl1,ilYpoSedl1,Grey ermine,Eukaryota,Metazoa,Arthropoda,Insecta,Lepidoptera,Yponomeutidae,Yponomeuta,Yponomeuta sedellus
ilYpsScab1,ilYpsScab1,Wainscot smudge,Eukaryota,Metazoa,Arthropoda,Insecta,Lepidoptera,Ypsolophidae,Ypsolopha,Ypsolopha scabrella
ilYpsSequ2,ilYpsSequ2,Pied smudge,Eukaryota,Metazoa,Arthropoda,Insecta,Lepidoptera,Ypsolophidae,Ypsolopha,Ypsolopha sequella
ilZeuPyri1,ilZeuPyri1,Leopard moth,Eukaryota,Metazoa,Arthropoda,Insecta,Lepidoptera,Cossidae,Zeuzera,Zeuzera pyrina
ilZygFili1,ilZygFili1,6-spot burnet,Eukaryota,Metazoa,Arthropoda,Insecta,Lepidoptera,Zygaenidae,Zygaena,Zygaena filipendulae
inChrCarn1,inChrCarn1,Common green lacewing,Eukaryota,Metazoa,Arthropoda,Insecta,Neuroptera,Chrysopidae,Chrysoperla,Chrysoperla carnea
ioIscEleg1,ioIscEleg1,.,Eukaryota,Metazoa,Arthropoda,Insecta,Odonata,Coenagrionidae,Ischnura,Ischnura elegans
ioPlaPenn1,ioPlaPenn1,.,Eukaryota,Metazoa,Arthropoda,Insecta,Odonata,Platycnemididae,Platycnemis,Platycnemis pennipes
ioSymStri1,ioSymStri1,Common darter,Eukaryota,Metazoa,Arthropoda,Insecta,Odonata,Libellulidae,Sympetrum,Sympetrum striolatum
ipIsoGram3,ipIsoGram3,Common yellow sally,Eukaryota,Metazoa,Arthropoda,Insecta,Plecoptera,Perlodidae,Isoperla,Isoperla grammatica
ipLeuNigr2,ipLeuNigr2,.,Eukaryota,Metazoa,Arthropoda,Insecta,Plecoptera,Leuctridae,Leuctra,Leuctra nigra
ipNemDubi1,ipNemDubi1,.,Eukaryota,Metazoa,Arthropoda,Insecta,Plecoptera,Nemouridae,Nemoura,Nemoura dubitans
ipNemPict2,ipNemPict2,.,Eukaryota,Metazoa,Arthropoda,Insecta,Plecoptera,Nemouridae,Nemurella,Nemurella pictetii
ipProMont4,ipProMont4,.,Eukaryota,Metazoa,Arthropoda,Insecta,Plecoptera,Nemouridae,Protonemura,Protonemura montana
iyAllPice1,iyAllPice1,.,Eukaryota,Metazoa,Arthropoda,Insecta,Hymenoptera,Ichneumonidae,Alloplasta,Alloplasta piceator
iyAmbArma2,iyAmbArma2,.,Eukaryota,Metazoa,Arthropoda,Insecta,Hymenoptera,Ichneumonidae,Amblyteles,Amblyteles armatorius
iyAncNigr1,iyAncNigr1,Early mason-wasp,Eukaryota,Metazoa,Arthropoda,Insecta,Hymenoptera,Vespidae,Ancistrocerus,Ancistrocerus nigricornis
iyAndBuce1,iyAndBuce1,Big-headed mining bee,Eukaryota,Metazoa,Arthropoda,Insecta,Hymenoptera,Andrenidae,Andrena,Andrena bucephala
iyAndDors1,iyAndDors1,Short-fringed mining bee,Eukaryota,Metazoa,Arthropoda,Insecta,Hymenoptera,Andrenidae,Andrena,Andrena dorsata
iyAndFulv1,iyAndFulv1,Tawny mining bee,Eukaryota,Metazoa,Arthropoda,Insecta,Hymenoptera,Andrenidae,Andrena,Andrena fulva
iyAndHaem1,iyAndHaem1,Red-tailed mining bee,Eukaryota,Metazoa,Arthropoda,Insecta,Hymenoptera,Andrenidae,Andrena,Andrena haemorrhoa
iyAndHatt1,iyAndHatt1,Large scabious mining bee,Eukaryota,Metazoa,Arthropoda,Insecta,Hymenoptera,Andrenidae,Andrena,Andrena hattorfiana
iyAndMinu1,iyAndMinu1,Common mini-mining bee,Eukaryota,Metazoa,Arthropoda,Insecta,Hymenoptera,Andrenidae,Andrena,Andrena minutula
iyAnoNige1,iyAnoNige1,.,Eukaryota,Metazoa,Arthropoda,Insecta,Hymenoptera,Pompilidae,Anoplius,Anoplius nigerrimus
iyAthRosa1,iyAthRosa2,Turnip sawfly,Eukaryota,Metazoa,Arthropoda,Insecta,Hymenoptera,Tenthredinidae,Athalia,Athalia rosae
iyAthRosa1,iyAthRosa1,Turnip sawfly,Eukaryota,Metazoa,Arthropoda,Insecta,Hymenoptera,Tenthredinidae,Athalia,Athalia rosae
iyBomCamp1,iyBomCamp1,Field cuckoo-bee,Eukaryota,Metazoa,Arthropoda,Insecta,Hymenoptera,Apidae,Bombus,Bombus campestris
iyBomHort1,iyBomHort1,Garden bumblebee,Eukaryota,Metazoa,Arthropoda,Insecta,Hymenoptera,Apidae,Bombus,Bombus hortorum
iyBomHypn1,iyBomHypn1,Tree bumblebee,Eukaryota,Metazoa,Arthropoda,Insecta,Hymenoptera,Apidae,Bombus,Bombus hypnorum
iyBomPasc1,iyBomPasc1,Common carder bee,Eukaryota,Metazoa,Arthropoda,Insecta,Hymenoptera,Apidae,Bombus,Bombus pascuorum
iyBomPrat1,iyBomPrat1,Early bumblebee,Eukaryota,Metazoa,Arthropoda,Insecta,Hymenoptera,Apidae,Bombus,Bombus pratorum
iyBomSyle1,iyBomSyle1,Forest cuckoo bee,Eukaryota,Metazoa,Arthropoda,Insecta,Hymenoptera,Apidae,Bombus,Bombus sylvestris
iyBomTerr1,iyBomTerr1,Buff-tailed bumblebee,Eukaryota,Metazoa,Arthropoda,Insecta,Hymenoptera,Apidae,Bombus,Bombus terrestris
iyBuaLabo1,iyBuaLabo1,.,Eukaryota,Metazoa,Arthropoda,Insecta,Hymenoptera,Ichneumonidae,Buathra,Buathra laborator
iyCamRapt1,iyCamRapt1,.,Eukaryota,Metazoa,Arthropoda,Insecta,Hymenoptera,Ichneumonidae,Campoletis,Campoletis raptor
iyCerRyby1,iyCerRyby1,Ornate tailed digger wasp,Eukaryota,Metazoa,Arthropoda,Insecta,Hymenoptera,Crabronidae,Cerceris,Cerceris rybyensis
iyCliInci1,iyCliInci1,.,Eukaryota,Metazoa,Arthropoda,Insecta,Hymenoptera,Ichneumonidae,Clistopyga,Clistopyga incitator
iyCoeConi1,iyCoeConi1,.,Eukaryota,Metazoa,Arthropoda,Insecta,Hymenoptera,Megachilidae,Coelioxys,Coelioxys conoideus
iyDolMedi1,iyDolMedi1,Median wasp,Eukaryota,Metazoa,Arthropoda,Insecta,Hymenoptera,Vespidae,Dolichovespula,Dolichovespula media
iyDolSaxo1,iyDolSaxo1,Saxon wasp,Eukaryota,Metazoa,Arthropoda,Insecta,Hymenoptera,Vespidae,Dolichovespula,Dolichovespula saxonica
iyDolSylv1,iyDolSylv1,Tree wasp,Eukaryota,Metazoa,Arthropoda,Insecta,Hymenoptera,Vespidae,Dolichovespula,Dolichovespula sylvestris
iyEctCont1,iyEctCont1,.,Eukaryota,Metazoa,Arthropoda,Insecta,Hymenoptera,Crabronidae,Ectemnius,Ectemnius continuus
iyEctLitu1,iyEctLitu1,.,Eukaryota,Metazoa,Arthropoda,Insecta,Hymenoptera,Crabronidae,Ectemnius,Ectemnius lituratus
iyIchXant1,iyIchXant1,.,Eukaryota,Metazoa,Arthropoda,Insecta,Hymenoptera,Ichneumonidae,Ichneumon,Ichneumon xanthorius
iyLasLatv2,iyLasLatv2,Furry-claspered furrow bee,Eukaryota,Metazoa,Arthropoda,Insecta,Hymenoptera,Halictidae,Lasioglossum,Lasioglossum lativentre
iyLasMori1,iyLasMori1,Common green furrow bee,Eukaryota,Metazoa,Arthropoda,Insecta,Hymenoptera,Halictidae,Lasioglossum,Lasioglossum morio
iyLasPaux1,iyLasPaux1,Base-banded furrow bee,Eukaryota,Metazoa,Arthropoda,Insecta,Hymenoptera,Halictidae,Lasioglossum,Lasioglossum pauxillum
iyMacEuro1,iyMacEuro1,Yellow loosestrife bee,Eukaryota,Metazoa,Arthropoda,Insecta,Hymenoptera,Melittidae,Macropis,Macropis europaea
iyMegLign1,iyMegLign1,Wood-carving leafcutter bee,Eukaryota,Metazoa,Arthropoda,Insecta,Hymenoptera,Megachilidae,Megachile,Megachile ligniseca
iyMegWill1,iyMegWill1,Willughby's leafcutter bee,Eukaryota,Metazoa,Arthropoda,Insecta,Hymenoptera,Megachilidae,Megachile,Megachile willughbiella
iyMimDahl1,iyMimDahl1,.,Eukaryota,Metazoa,Arthropoda,Insecta,Hymenoptera,Crabronidae,Mimumesa,Mimumesa dahlbomi
iyNetDila1,iyNetDila1,.,Eukaryota,Metazoa,Arthropoda,Insecta,Hymenoptera,Ichneumonidae,Netelia,Netelia fuscicornis
iyNomFabr1,iyNomFabr1,Fabricius' nomad bee,Eukaryota,Metazoa,Arthropoda,Insecta,Hymenoptera,Apidae,Nomada,Nomada fabriciana
iyNomFuca1,iyNomFuca1,Painted nomad bee,Eukaryota,Metazoa,Arthropoda,Insecta,Hymenoptera,Apidae,Nomada,Nomada fucata
iyNysSpin1,iyNysSpin1,Large spurred digger wasp,Eukaryota,Metazoa,Arthropoda,Insecta,Hymenoptera,Crabronidae,Nysson,Nysson spinosus
iyOphLute1,iyOphLute1,.,Eukaryota,Metazoa,Arthropoda,Insecta,Hymenoptera,Ichneumonidae,Ophion,Ophion slaviceki
iyPemLugu1,iyPemLugu1,Mournful wasp,Eukaryota,Metazoa,Arthropoda,Insecta,Hymenoptera,Crabronidae,Pemphredon,Pemphredon lugubris
iyRhoChlo1,iyRhoChlo1,Narrow-striped rhogogaster,Eukaryota,Metazoa,Arthropoda,Insecta,Hymenoptera,Tenthredinidae,Rhogogaster,Rhogogaster chlorosoma
iySelTumu1,iySelTumu1,Bronze furrow bee,Eukaryota,Metazoa,Arthropoda,Insecta,Hymenoptera,Halictidae,Seladonia,Seladonia tumulorum
iySphMoni1,iySphMoni1,Box-headed blood bee,Eukaryota,Metazoa,Arthropoda,Insecta,Hymenoptera,Halictidae,Sphecodes,Sphecodes monilicornis
iyStePhae1,iyStePhae1,Plain dark bee,Eukaryota,Metazoa,Arthropoda,Insecta,Hymenoptera,Megachilidae,Stelis,Stelis phaeoptera
iyTenDist1,iyTenDist1,Small wasp-sawfly,Eukaryota,Metazoa,Arthropoda,Insecta,Hymenoptera,Tenthredinidae,Tenthredo,Tenthredo distinguenda
iyTenMeso1,iyTenMeso1,Common green-tenthredo,Eukaryota,Metazoa,Arthropoda,Insecta,Hymenoptera,Tenthredinidae,Tenthredo,Tenthredo mesomela
iyTenNoth1,iyTenNoth1,.,Eukaryota,Metazoa,Arthropoda,Insecta,Hymenoptera,Tenthredinidae,Tenthredo,Tenthredo notha
iyTipFemo1,iyTipFemo1,Beetle killing wasp,Eukaryota,Metazoa,Arthropoda,Insecta,Hymenoptera,Tiphiidae,Tiphia,Tiphia femorata
iyVesCrab1,iyVesCrab1,European hornet,Eukaryota,Metazoa,Arthropoda,Insecta,Hymenoptera,Vespidae,Vespa,Vespa crabro
iyVesGerm1,iyVesGerm1,German wasp,Eukaryota,Metazoa,Arthropoda,Insecta,Hymenoptera,Vespidae,Vespula,Vespula germanica
iyVesVulg1,iyVesVulg2,Common wasp,Eukaryota,Metazoa,Arthropoda,Insecta,Hymenoptera,Vespidae,Vespula,Vespula vulgaris
iyVesVulg1,iyVesVulg3,Common wasp,Eukaryota,Metazoa,Arthropoda,Insecta,Hymenoptera,Vespidae,Vespula,Vespula vulgaris
iyVesVulg1,iyVesVulg5,Common wasp,Eukaryota,Metazoa,Arthropoda,Insecta,Hymenoptera,Vespidae,Vespula,Vespula vulgaris
iyVesVulg1,iyVesVulg1,Common wasp,Eukaryota,Metazoa,Arthropoda,Insecta,Hymenoptera,Vespidae,Vespula,Vespula vulgaris
jaDiaLine6,jaDiaLine6,Orange-striped anemone,Eukaryota,Metazoa,Cnidaria,Anthozoa,Actiniaria,Diadumenidae,Diadumene,Diadumene lineata
jaMetSeni4,jaMetSeni4,Brown sea anemone,Eukaryota,Metazoa,Cnidaria,Anthozoa,Actiniaria,Metridiidae,Metridium,Metridium senile
jaNemVect1,jaNemVect1,.,Eukaryota,Metazoa,Cnidaria,Anthozoa,Actiniaria,Edwardsiidae,Nematostella,Nematostella vectensis
jhCanCock6,jhCanCock6,(a hydroid),Eukaryota,Metazoa,Cnidaria,Hydrozoa,Anthoathecata,Candelabridae,Candelabrum,Candelabrum cocksii
jrHalOcto1,jrHalOcto1,Spotted kaleidoscope jellyfish,Eukaryota,Metazoa,Cnidaria,Staurozoa,Stauromedusae,Kishinouyeidae,Haliclystus,Haliclystus octoradiatus
kaAplTurb1,kaAplTurb1,(a colonial sea squirt),Eukaryota,Metazoa,Chordata,Ascidiacea,Aplousobranchia,Polyclinidae,Aplidium,Aplidium turbinatum
kaAscMent1,kaAscMent1,(a solitary sea squirt),Eukaryota,Metazoa,Chordata,Ascidiacea,Phlebobranchia,Ascidiidae,Ascidia,Ascidia mentula
kaClaLepa1,kaClaLepa1,Light-bulb sea squirt,Eukaryota,Metazoa,Chordata,Ascidiacea,Aplousobranchia,Clavelinidae,Clavelina,Clavelina lepadiformis
kcLamFluv1,kcLamFluv1,European river lamprey,Eukaryota,Metazoa,Chordata,Hyperoartia,Petromyzontiformes,Petromyzontidae,Lampetra,Lampetra fluviatilis
kmMyxGlut1,kmMyxGlut1,Atlantic hagfish,Eukaryota,Metazoa,Chordata,Myxini,Myxiniformes,Myxinidae,Myxine,Myxine glutinosa
laTriPals1,laTriPals1,.,Eukaryota,Viridiplantae,Streptophyta,Magnoliopsida,Alismatales,Juncaginaceae,Triglochin,Triglochin palustris
lpBroSter1,lpBroSter1,Barren brome,Eukaryota,Viridiplantae,Streptophyta,Magnoliopsida,Poales,Poaceae,Bromus,Bromus sterilis
lpCarAren1,lpCarAren1,.,Eukaryota,Viridiplantae,Streptophyta,Magnoliopsida,Poales,Cyperaceae,Carex,Carex arenaria
lpCarDepa1,lpCarDepa1,.,Eukaryota,Viridiplantae,Streptophyta,Magnoliopsida,Poales,Cyperaceae,Carex,Carex depauperata
lpCarDivu1,lpCarDivu1,.,Eukaryota,Viridiplantae,Streptophyta,Magnoliopsida,Poales,Cyperaceae,Carex,Carex divulsa
lpCarPend1,lpCarPend1,Pendulous sedge,Eukaryota,Viridiplantae,Streptophyta,Magnoliopsida,Poales,Cyperaceae,Carex,Carex pendula
lpCarRost1,lpCarRost1,.,Eukaryota,Viridiplantae,Streptophyta,Magnoliopsida,Poales,Cyperaceae,Carex,Carex rostrata
lpCarSylv1,lpCarSylv1,.,Eukaryota,Viridiplantae,Streptophyta,Magnoliopsida,Poales,Cyperaceae,Carex,Carex sylvatica
lpJunEffu1,lpJunEffu1,.,Eukaryota,Viridiplantae,Streptophyta,Magnoliopsida,Poales,Juncaceae,Juncus,Juncus effusus
lpLuzSylv1,lpLuzSylv1,.,Eukaryota,Viridiplantae,Streptophyta,Magnoliopsida,Poales,Juncaceae,Luzula,Luzula sylvatica
lpPhrAust1,lpPhrAust1,Common reed,Eukaryota,Viridiplantae,Streptophyta,Magnoliopsida,Poales,Poaceae,Phragmites,Phragmites australis
lpSchLacu1,lpSchLacu1,.,Eukaryota,Viridiplantae,Streptophyta,Magnoliopsida,Poales,Cyperaceae,Schoenoplectus,Schoenoplectus lacustris
lpSchTriq1,lpSchTriq1,Club-rush,Eukaryota,Viridiplantae,Streptophyta,Magnoliopsida,Poales,Cyperaceae,Schoenoplectus,Schoenoplectus triqueter
mApoSyl1,mApoSyl1,Wood mouse,Eukaryota,Metazoa,Chordata,Mammalia,Rodentia,Muridae,Apodemus,Apodemus sylvaticus
mCanLor1,mCanLor1,Greenland wolf,Eukaryota,Metazoa,Chordata,Mammalia,Carnivora,Canidae,Canis,Canis lupus
mCerEla1,mCerEla1,Red deer,Eukaryota,Metazoa,Chordata,Mammalia,Artiodactyla,Cervidae,Cervus,Cervus elaphus
mDelDel1,mDelDel1,Saddleback dolphin,Eukaryota,Metazoa,Chordata,Mammalia,Artiodactyla,Delphinidae,Delphinus,Delphinus delphis
mEptNil1,mEptNil1,Northern bat,Eukaryota,Metazoa,Chordata,Mammalia,Chiroptera,Vespertilionidae,Eptesicus,Eptesicus nilssonii
mGloMel1,mGloMel1,Long-finned pilot whale,Eukaryota,Metazoa,Chordata,Mammalia,Artiodactyla,Delphinidae,Globicephala,Globicephala melas
mHypAmp2,mHypAmp2,Northern bottlenose whale,Eukaryota,Metazoa,Chordata,Mammalia,Artiodactyla,Ziphiidae,Hyperoodon,Hyperoodon ampullatus
mLagAlb1,mLagAlb1,White-beaked dolphin,Eukaryota,Metazoa,Chordata,Mammalia,Artiodactyla,Delphinidae,Lagenorhynchus,Lagenorhynchus albirostris
mMarMar1,mMarMar1,European pine marten,Eukaryota,Metazoa,Chordata,Mammalia,Carnivora,Mustelidae,Martes,Martes martes
mMelMel3,mMelMel3,European badger,Eukaryota,Metazoa,Chordata,Mammalia,Carnivora,Mustelidae,Meles ,Meles meles
mMicMin1,mMicMin1,European harvest mouse,Eukaryota,Metazoa,Chordata,Mammalia,Rodentia,Muridae,Micromys,Micromys minutus
mMunRee1,mMunRee1,Reeves' muntjac,Eukaryota,Metazoa,Chordata,Mammalia,Artiodactyla,Cervidae,Muntiacus,Muntiacus reevesi
mMusMuc1,mMusMuc1,House mouse,Eukaryota,Metazoa,Chordata,Mammalia,Rodentia,Muridae,Mus,Mus musculus
mOrcOrc1,mOrcOrc1,Killer whale,Eukaryota,Metazoa,Chordata,Mammalia,Artiodactyla,Delphinidae,Orcinus,Orcinus orca
mPhoPho1,mPhoPho1,Harbor porpoise,Eukaryota,Metazoa,Chordata,Mammalia,Artiodactyla,Phocoenidae,Phocoena,Phocoena phocoena
mPipPyg2,mPipPyg2,Soprano pipistrelle,Eukaryota,Metazoa,Chordata,Mammalia,Chiroptera,Vespertilionidae,Pipistrellus,Pipistrellus pygmaeus
mPleAur1,mPleAur1,Brown big-eared bat,Eukaryota,Metazoa,Chordata,Mammalia,Chiroptera,Vespertilionidae,Plecotus,Plecotus auritus
mSteCoe1,mSteCoe1,Striped dolphin,Eukaryota,Metazoa,Chordata,Mammalia,Artiodactyla,Delphinidae,Stenella,Stenella coeruleoalba
paTetJugo1,paTetJugo1,.,Eukaryota,.,Heterolobosea,.,.,Vahlkampfiidae,Tetramitus,Tetramitus jugosus
pxEimPrae1,pxEimPrae1,Coccidian parasite,Eukaryota,.,Apicomplexa,Conoidasida,Eucoccidiorida,Eimeriidae,Eimeria,Eimeria praecox
qcStrAcum1,qcStrAcum1,.,Eukaryota,Metazoa,Arthropoda,Chilopoda,Geophilomorpha,Linotaeniidae,Strigamia,Strigamia acuminata
qhLepNord3,qhLepNord3,Sea louse,Eukaryota,Metazoa,Arthropoda,Hexanauplia,Siphonostomatoida,Caligidae,Lepeophtheirus,Lepeophtheirus nordmannii
qqAmaFero1,qqAmaFero1,.,Eukaryota,Metazoa,Arthropoda,Arachnida,Araneae,Amaurobiidae,Amaurobius,Amaurobius ferox
qqArgBrue1,qqArgBrue1,Wasp spider,Eukaryota,Metazoa,Arthropoda,Arachnida,Araneae,Araneidae,Argiope,Argiope bruennichi
qqMetBour1,qqMetBour1,.,Eukaryota,Metazoa,Arthropoda,Arachnida,Araneae,Tetragnathidae,Meta,Meta bourneti
qqMetSegm1,qqMetSegm1,.,Eukaryota,Metazoa,Arthropoda,Arachnida,Araneae,Tetragnathidae,Metellina,Metellina segmentata
qqOdiSpin1,qqOdiSpin1,.,Eukaryota,Metazoa,Arthropoda,Arachnida,Opiliones,Phalangiidae,Odiellus,Odiellus spinosus
qqParLuna2,qqParLuna2,.,Eukaryota,Metazoa,Arthropoda,Arachnida,Araneae,Theridiidae,Parasteatoda,Parasteatoda lunata
qqTetMont2,qqTetMont2,Silver stretch spider,Eukaryota,Metazoa,Arthropoda,Arachnida,Araneae,Tetragnathidae,Tetragnatha,Tetragnatha montana
qxSacCarc1,qxSacCarc1,Crab hacker barnacle,Eukaryota,Metazoa,Arthropoda,Thecostraca,.,Sacculinidae,Sacculina,Sacculina carcini
rZooViv1,rZooViv1,Common lizard,Eukaryota,Metazoa,Chordata,Lepidosauria,Squamata,Lacertidae,Zootoca,Zootoca vivipara
sRajBra1,sRajBra1,Blonde ray,Eukaryota,Metazoa,Chordata,Chondrichthyes,Rajiformes,Rajidae,Raja,Raja brachyura
tnLinLong1,tnLinLong1,Bootlace worm,Eukaryota,Metazoa,Nemertea,Pilidiophora,Heteronemertea,Lineidae,Lineus,Lineus longissimus
tzBugNeri2,tzBugNeri2,Ruby bryozoan,Eukaryota,Metazoa,Bryozoa,Gymnolaemata,Cheilostomatida,Bugulidae,Bugula,Bugula neritina
tzBugStol2,tzBugStol2,An erect bryozoan,Eukaryota,Metazoa,Bryozoa,Gymnolaemata,Cheilostomatida,Bugulidae,Bugulina,Bugulina stolonifera
tzCryPall5,tzCryPall5,An encrusting bryozoan,Eukaryota,Metazoa,Bryozoa,Gymnolaemata,Cheilostomatida,Cryptosulidae,Cryptosula,Cryptosula pallasiana
tzMemMemb1,tzMemMemb1,Sea mat,Eukaryota,Metazoa,Bryozoa,Gymnolaemata,Cheilostomatida,Membraniporidae,Membranipora,Membranipora membranacea
tzWatSuba1,tzWatSuba1,Red ripple bryozoan,Eukaryota,Metazoa,Bryozoa,Gymnolaemata,Cheilostomatida,Watersiporidae,Watersipora,Watersipora subatra
ucDunPrim2,ucDunPrim2,.,Eukaryota,Viridiplantae,Chlorophyta,Chlorophyceae,Chlamydomonadales,Dunaliellaceae,Dunaliella,Dunaliella primolecta
ucMarCocc1,ucMarCocc1,.,Eukaryota,Viridiplantae,Chlorophyta,Trebouxiophyceae,Chlorellales,Chlorellaceae,Marvania,Marvania coccoides
ucPycProv1,ucPycProv1,.,Eukaryota,Viridiplantae,Chlorophyta,Pseudoscourfieldiophyceae,Pseudoscourfieldiales,Pycnococcaceae,Pycnococcus,Pycnococcus provasolii
wcApoIcte1,wcApoIcte1,.,Eukaryota,Metazoa,Annelida,Clitellata,Crassiclitellata,Lumbricidae,Aporrectodea,Aporrectodea icterica
wcLumRube1,wcLumRube1,Red compost earthworm,Eukaryota,Metazoa,Annelida,Clitellata,Crassiclitellata,Lumbricidae,Lumbricus,Lumbricus rubellus
wcLumTerr1,wcLumTerr1,Common earthworm,Eukaryota,Metazoa,Annelida,Clitellata,Crassiclitellata,Lumbricidae,Lumbricus,Lumbricus terrestris
wdMagJohn1,wdMagJohn1,.,Eukaryota,Metazoa,Annelida,Polychaeta,Spionida,Magelonidae,Magelona,Magelona johnstoni
wkErpOcto2,wkErpOcto2,Leech,Eukaryota,Metazoa,Annelida,Clitellata,Hirudinida,Erpobdellidae,Erpobdella,Erpobdella octoculata
wpAchSqua1,wpAchSqua1,Star devouring scaleworm,Eukaryota,Metazoa,Annelida,Polychaeta,Phyllodocida,Polynoidae,Acholoe,Acholoe squamosa
wpAleGela1,wpAleGela1,(a scale worm),Eukaryota,Metazoa,Annelida,Polychaeta,Phyllodocida,Polynoidae,Alentia,Alentia gelatinosa
wpAliVire1,wpAliVire1,.,Eukaryota,Metazoa,Annelida,Polychaeta,Phyllodocida,Nereididae,Alitta,Alitta virens
wpHarImpa5,wpHarImpa5,(a scale worm),Eukaryota,Metazoa,Annelida,Polychaeta,Phyllodocida,Polynoidae,Harmothoe,Harmothoe impar
wpSthLimi1,wpSthLimi1,(a segmented worm),Eukaryota,Metazoa,Annelida,Polychaeta,Phyllodocida,Sigalionidae,Sthenelais,Sthenelais limicola
wrPisGeom1,wrPisGeom1,.,Eukaryota,Metazoa,Annelida,Clitellata,Hirudinida,Piscicolidae,Piscicola,Piscicola geometra
wtTerLapi1,wtTerLapi1,(a segmented worm),Eukaryota,Metazoa,Annelida,Polychaeta,Terebellida,Terebellidae,Terebella,Terebella lapidaria
xbArcSenh1,xbArcSenh1,Asian date mussel,Eukaryota,Metazoa,Mollusca,Bivalvia,Mytilida,Mytilidae,Arcuatula,Arcuatula senhousia
xbAzoCham1,xbAzoCham1,.,Eukaryota,Metazoa,Mollusca,Bivalvia,Cardiida,Solecurtidae,Azorinus,Azorinus chamasolen
xbCerEdul1,xbCerEdul1,Edible cockle,Eukaryota,Metazoa,Mollusca,Bivalvia,Cardiida,Cardiidae,Cerastoderma,Cerastoderma edule
xbGarTell2,xbGarTell2,(a clam),Eukaryota,Metazoa,Mollusca,Bivalvia,Cardiida,Psammobiidae,Gari,Gari tellinella
xbLutLutr1,xbLutLutr1,Common otter shell,Eukaryota,Metazoa,Mollusca,Bivalvia,Venerida,Mactridae,Lutraria,Lutraria lutraria
xbMagGiga1,xbMagGiga1,Pacific oyster,Eukaryota,Metazoa,Mollusca,Bivalvia,Ostreida,Ostreidae,Magallana,Magallana gigas
xbMimVari1,xbMimVari1,.,Eukaryota,Metazoa,Mollusca,Bivalvia,Pectinida,Pectinidae,Mimachlamys,Mimachlamys varia
xbMytEdul2,xbMytEdul2,Blue mussel,Eukaryota,Metazoa,Mollusca,Bivalvia,Mytilida,Mytilidae,Mytilus,Mytilus edulis
xbOstEdul1,xbOstEdul1,Native oyster,Eukaryota,Metazoa,Mollusca,Bivalvia,Ostreida,Ostreidae,Ostrea,Ostrea edulis
xbSpiSoli1,xbSpiSoli1,(a clam),Eukaryota,Metazoa,Mollusca,Bivalvia,Venerida,Mactridae,Spisula,Spisula solida
xbSpiSubt1,xbSpiSubt1,Cut surfclam,Eukaryota,Metazoa,Mollusca,Bivalvia,Venerida,Mactridae,Spisula,Spisula subtruncata
xgAniVort1,xgAniVort1,Whirlpool ramshorn,Eukaryota,Metazoa,Mollusca,Gastropoda,.,Planorbidae,Anisus,Anisus vortex
xgGibMagu1,xgGibMagu1,Turban top shell,Eukaryota,Metazoa,Mollusca,Gastropoda,Trochida,Trochidae,Gibbula,Gibbula magus
xgOncCelt3,xgOncCelt3,Celtic sea slug,Eukaryota,Metazoa,Mollusca,Gastropoda,Systellommatophora,Onchidiidae,Onchidella,Onchidella celtica
xgPatDepr1,xgPatDepr1,Black-footed limpet,Eukaryota,Metazoa,Mollusca,Gastropoda,.,Patellidae,Patella,Patella depressa
xgPatPell1,xgPatPell1,Blue-rayed limpet,Eukaryota,Metazoa,Mollusca,Gastropoda,.,Patellidae,Patella,Patella pellucida
xgPatUlys2,xgPatUlys2,China limpet,Eukaryota,Metazoa,Mollusca,Gastropoda,.,Patellidae,Patella,Patella ulyssiponensis
xgPatVulg1,xgPatVulg1,Common limpet,Eukaryota,Metazoa,Mollusca,Gastropoda,.,Patellidae,Patella,Patella vulgata
xgPhoLine1,PHORD0020b,Thick top shell,Eukaryota,Metazoa,Mollusca,Gastropoda,Trochida,Trochidae,Phorcus,Phorcus lineatus
xgPhoLine1,PHORD0021b,Thick top shell,Eukaryota,Metazoa,Mollusca,Gastropoda,Trochida,Trochidae,Phorcus,Phorcus lineatus
xgPhoLine1,PHORD0023b,Thick top shell,Eukaryota,Metazoa,Mollusca,Gastropoda,Trochida,Trochidae,Phorcus,Phorcus lineatus
xgPhoLine1,PHORD0024b,Thick top shell,Eukaryota,Metazoa,Mollusca,Gastropoda,Trochida,Trochidae,Phorcus,Phorcus lineatus
xgPhoLine1,PHORD0030b,Thick top shell,Eukaryota,Metazoa,Mollusca,Gastropoda,Trochida,Trochidae,Phorcus,Phorcus lineatus
xgPhoLine1,PHORD0031b,Thick top shell,Eukaryota,Metazoa,Mollusca,Gastropoda,Trochida,Trochidae,Phorcus,Phorcus lineatus
xgPhoLine1,PHORD0034b,Thick top shell,Eukaryota,Metazoa,Mollusca,Gastropoda,Trochida,Trochidae,Phorcus,Phorcus lineatus
xgPhoLine1,PHORD0038b,Thick top shell,Eukaryota,Metazoa,Mollusca,Gastropoda,Trochida,Trochidae,Phorcus,Phorcus lineatus
xgPhoLine1,PHORD0051b,Thick top shell,Eukaryota,Metazoa,Mollusca,Gastropoda,Trochida,Trochidae,Phorcus,Phorcus lineatus
xgPhoLine1,PHORD0058b,Thick top shell,Eukaryota,Metazoa,Mollusca,Gastropoda,Trochida,Trochidae,Phorcus,Phorcus lineatus
xgPhoLine1,PHORD0060b,Thick top shell,Eukaryota,Metazoa,Mollusca,Gastropoda,Trochida,Trochidae,Phorcus,Phorcus lineatus
xgPhoLine1,xgPhoLine1,Thick top shell,Eukaryota,Metazoa,Mollusca,Gastropoda,Trochida,Trochidae,Phorcus,Phorcus lineatus
xgPhoLine1,xgPhoLine2,Thick top shell,Eukaryota,Metazoa,Mollusca,Gastropoda,Trochida,Trochidae,Phorcus,Phorcus lineatus
xgSteCine2,xgSteCine2,Grey top shell,Eukaryota,Metazoa,Mollusca,Gastropoda,Trochida,Trochidae,Steromphala,Steromphala cineraria
xpLepCine2,xpLepCine2,Grey chiton,Eukaryota,Metazoa,Mollusca,Polyplacophora,Chitonida,Tonicellidae,Lepidochitona,Lepidochitona cinerea