Sample,Common name,Kingdom,Phylum,Class,Order,Family,Genus,Species
bAccGen1,Northern goshawk,Metazoa,Chordata,Aves,Accipitriformes,Accipitridae,Accipiter,Accipiter gentilis
bAnaAcu1,Northern pintail,Metazoa,Chordata,Aves,Anseriformes,Anatidae,Anas,Anas acuta
bAnsBra1,Pink-footed goose,Metazoa,Chordata,Aves,Anseriformes,Anatidae,Anser,Anser brachyrhynchus
bCinCin1,White-throated dipper,Metazoa,Chordata,Aves,Passeriformes,Cinclidae,Cinclus,Cinclus cinclus
bClaHye2,Long-tailed duck,Metazoa,Chordata,Aves,Anseriformes,Anatidae,Clangula,Clangula hyemalis
bFriCoe1,Chaffinch,Metazoa,Chordata,Aves,Passeriformes,Fringillidae,Fringilla,Fringilla coelebs
bLarFus1,Lesser black-backed gull,Metazoa,Chordata,Aves,Charadriiformes,Laridae,Larus,Larus fuscus
bLarFus1,Lesser black-backed gull,Metazoa,Chordata,Aves,Charadriiformes,Laridae,Larus,Larus fuscus
bPhaCar2,Great cormorant,Metazoa,Chordata,Aves,Suliformes,Phalacrocoracidae,Phalacrocorax,Phalacrocorax carbo
bTetUro1,Western capercaillie,Metazoa,Chordata,Aves,Galliformes,Phasianidae,Tetrao,Tetrao urogallus
cbCliDend2,Tree-moss,Viridiplantae,Streptophyta,Bryopsida,Hypnales,Climaciaceae,Climacium,Climacium dendroides
cbIsoMyos1,Mouse-tail moss,Viridiplantae,Streptophyta,Bryopsida,Hypnales,Lembophyllaceae,Isothecium,Isothecium myosuroides
cbNecPumi1,Dwarf neckera,Viridiplantae,Streptophyta,Bryopsida,Hypnales,Neckeraceae,Neckera,Neckera pumila
cbPolComm4,Common haircap,Viridiplantae,Streptophyta,Polytrichopsida,Polytrichales,Polytrichaceae,Polytrichum,Polytrichum commune
cbPsePuru1,Neat feathermoss,Viridiplantae,Streptophyta,Bryopsida,Hypnales,Brachytheciaceae,Pseudoscleropodium,Pseudoscleropodium purum
cbRhyLore1,Little shaggy-moss,Viridiplantae,Streptophyta,Bryopsida,Hypnales,Hylocomiaceae,Rhytidiadelphus,Rhytidiadelphus loreus
cbThuTama2,Common tamarisk-moss,Viridiplantae,Streptophyta,Bryopsida,Hypnales,Thuidiaceae,Thuidium,Thuidium tamariscinum
cmLunCruc20,Crescent-cup liverwort,Viridiplantae,Streptophyta,Marchantiopsida,Lunulariales,Lunulariaceae,Lunularia,Lunularia cruciata
daAjuCham1,.,Viridiplantae,Streptophyta,Magnoliopsida,Lamiales,Lamiaceae,Ajuga,Ajuga chamaepitys
daArcMinu1,.,Viridiplantae,Streptophyta,Magnoliopsida,Asterales,Asteraceae,Arctium,Arctium minus
daBalNigr1,.,Viridiplantae,Streptophyta,Magnoliopsida,Lamiales,Lamiaceae,Ballota,Ballota nigra
daCalOffi1,Common marigold,Viridiplantae,Streptophyta,Magnoliopsida,Asterales,Asteraceae,Calendula,Calendula officinalis
daCruLaev1,Crosswort,Viridiplantae,Streptophyta,Magnoliopsida,Gentianales,Rubiaceae,Cruciata,Cruciata laevipes
daEupConf1,Eyebright,Viridiplantae,Streptophyta,Magnoliopsida,Lamiales,Orobanchaceae,Euphrasia,Euphrasia confusa
daGnaUlig1,.,Viridiplantae,Streptophyta,Magnoliopsida,Asterales,Asteraceae,Gnaphalium,Gnaphalium uliginosum
daLigVulg1,Common privet,Viridiplantae,Streptophyta,Magnoliopsida,Lamiales,Oleaceae,Ligustrum,Ligustrum vulgare
daLinVulg1,.,Viridiplantae,Streptophyta,Magnoliopsida,Lamiales,Plantaginaceae,Linaria,Linaria vulgaris
daLogMini1,.,Viridiplantae,Streptophyta,Magnoliopsida,Asterales,Asteraceae,Logfia,Logfia minima
daMisOron1,.,Viridiplantae,Streptophyta,Magnoliopsida,Lamiales,Plantaginaceae,Misopates,Misopates orontium
daPseLute1,.,Viridiplantae,Streptophyta,Magnoliopsida,Asterales,Asteraceae,Pseudognaphalium,Pseudognaphalium luteoalbum
daPulDyse1,.,Viridiplantae,Streptophyta,Magnoliopsida,Asterales,Asteraceae,Pulicaria,Pulicaria dysenterica
daScuGale1,.,Viridiplantae,Streptophyta,Magnoliopsida,Lamiales,Lamiaceae,Scutellaria,Scutellaria galericulata
daScuMino1,.,Viridiplantae,Streptophyta,Magnoliopsida,Lamiales,Lamiaceae,Scutellaria,Scutellaria minor
daSheArve1,Field madder,Viridiplantae,Streptophyta,Magnoliopsida,Gentianales,Rubiaceae,Sherardia,Sherardia arvensis
daSolDulc1,.,Viridiplantae,Streptophyta,Magnoliopsida,Solanales,Solanaceae,Solanum,Solanum dulcamara
daVerOffi1,.,Viridiplantae,Streptophyta,Magnoliopsida,Lamiales,Verbenaceae,Verbena,Verbena officinalis
dcAgrGith1,Corn cockle,Viridiplantae,Streptophyta,Magnoliopsida,Caryophyllales,Caryophyllaceae,Agrostemma,Agrostemma githago
dcCheAlbu1,White goosefoot,Viridiplantae,Streptophyta,Magnoliopsida,Caryophyllales,Chenopodiaceae,Chenopodium,Chenopodium album
dcFalConv1,.,Viridiplantae,Streptophyta,Magnoliopsida,Caryophyllales,Polygonaceae,Fallopia,Fallopia convolvulus
dcPerMacu1,.,Viridiplantae,Streptophyta,Magnoliopsida,Caryophyllales,Polygonaceae,Persicaria,Persicaria maculosa
dcPolAvic1,.,Viridiplantae,Streptophyta,Magnoliopsida,Caryophyllales,Polygonaceae,Polygonum,Polygonum aviculare
dcSalRamo1,.,Viridiplantae,Streptophyta,Magnoliopsida,Caryophyllales,Chenopodiaceae,Salicornia,Salicornia ramosissima
dcSpeBocc1,.,Viridiplantae,Streptophyta,Magnoliopsida,Caryophyllales,Caryophyllaceae,Spergularia,Spergularia bocconei
dcSpeMari1,.,Viridiplantae,Streptophyta,Magnoliopsida,Caryophyllales,Caryophyllaceae,Spergularia,Spergularia marina
ddAraThal4,.,Viridiplantae,Streptophyta,Magnoliopsida,Brassicales,Brassicaceae,Arabidopsis,Arabidopsis thaliana
ddBarVulg1,Winter cress,Viridiplantae,Streptophyta,Magnoliopsida,Brassicales,Brassicaceae,Barbarea,Barbarea vulgaris
ddEupLath1,.,Viridiplantae,Streptophyta,Magnoliopsida,Malpighiales,Euphorbiaceae,Euphorbia,Euphorbia lathyris
ddEupPepu3,.,Viridiplantae,Streptophyta,Magnoliopsida,Malpighiales,Euphorbiaceae,Euphorbia,Euphorbia peplus
ddHibTrid2,.,Viridiplantae,Streptophyta,Magnoliopsida,Malvales,Malvaceae,Hibiscus,Hibiscus tridactylites
ddLepDidy1,.,Viridiplantae,Streptophyta,Magnoliopsida,Brassicales,Brassicaceae,Lepidium,Lepidium didymum
ddPopNigr1,.,Viridiplantae,Streptophyta,Magnoliopsida,Malpighiales,Salicaceae,Populus,Populus nigra
ddPriVeri1,.,Viridiplantae,Streptophyta,Magnoliopsida,Ericales,Primulaceae,Primula,Primula veris
ddSalCapr1,.,Viridiplantae,Streptophyta,Magnoliopsida,Malpighiales,Salicaceae,Salix,Salix caprea
ddSamVale1,.,Viridiplantae,Streptophyta,Magnoliopsida,Ericales,Primulaceae,Samolus,Samolus valerandi
ddVioOdor1,Sweet violet,Viridiplantae,Streptophyta,Magnoliopsida,Malpighiales,Violaceae,Viola,Viola odorata
dhAlnGlut1,.,Viridiplantae,Streptophyta,Magnoliopsida,Fagales,Betulaceae,Alnus,Alnus glutinosa
dhMyrGale1,Bog myrtle,Viridiplantae,Streptophyta,Magnoliopsida,Fagales,Myricaceae,Myrica,Myrica gale
dhQueCerr2,Turkey oak,Viridiplantae,Streptophyta,Magnoliopsida,Fagales,Fagaceae,Quercus,Quercus cerris
dmBerVulg1,.,Viridiplantae,Streptophyta,Magnoliopsida,Ranunculales,Berberidaceae,Berberis,Berberis vulgaris
drAceCamp1,Field maple,Viridiplantae,Streptophyta,Magnoliopsida,Sapindales,Sapindaceae,Acer,Acer campestre
drAilAlti1,Tree of heaven,Viridiplantae,Streptophyta,Magnoliopsida,Sapindales,Simaroubaceae,Ailanthus,Ailanthus altissima
drAstGlyc1,Liquorice milkvetch,Viridiplantae,Streptophyta,Magnoliopsida,Fabales,Fabaceae,Astragalus,Astragalus glycyphyllos
drBuxSemp1,.,Viridiplantae,Streptophyta,Magnoliopsida,Buxales,Buxaceae,Buxus,Buxus sempervirens
drChaAngu1,.,Viridiplantae,Streptophyta,Magnoliopsida,Myrtales,Onagraceae,Chamaenerion,Chamaenerion angustifolium
drCraLaev2,Midland hawthorn,Viridiplantae,Streptophyta,Magnoliopsida,Rosales,Rosaceae,Crataegus,Crataegus laevigata
drEroMari8,.,Viridiplantae,Streptophyta,Magnoliopsida,Geraniales,Geraniaceae,Erodium,Erodium maritimum
drEuoEuro1,.,Viridiplantae,Streptophyta,Magnoliopsida,Celastrales,Celastraceae,Euonymus,Euonymus europaeus
drFilUlma1,.,Viridiplantae,Streptophyta,Magnoliopsida,Rosales,Rosaceae,Filipendula,Filipendula ulmaria
drGeuUrba1,.,Viridiplantae,Streptophyta,Magnoliopsida,Rosales,Rosaceae,Geum,Geum urbanum
drHedHeli1,.,Viridiplantae,Streptophyta,Magnoliopsida,Apiales,Araliaceae,Hedera,Hedera helix
drHumLupu1,European hop,Viridiplantae,Streptophyta,Magnoliopsida,Rosales,Cannabaceae,Humulus,Humulus lupulus
drIleAqui2,English holly,Viridiplantae,Streptophyta,Magnoliopsida,Aquifoliales,Aquifoliaceae,Ilex,Ilex aquifolium
drMalDome10,Apple,Viridiplantae,Streptophyta,Magnoliopsida,Rosales,Rosaceae,Malus,Malus domestica
drMalDome11,Apple,Viridiplantae,Streptophyta,Magnoliopsida,Rosales,Rosaceae,Malus,Malus domestica
drMalDome5,Apple,Viridiplantae,Streptophyta,Magnoliopsida,Rosales,Rosaceae,Malus,Malus domestica
drMalDome58,Apple,Viridiplantae,Streptophyta,Magnoliopsida,Rosales,Rosaceae,Malus,Malus domestica
drMalRobu1,Robusta-5,Viridiplantae,Streptophyta,Magnoliopsida,Rosales,Rosaceae,Malus,Malus x robusta
drMalSylv7,.,Viridiplantae,Streptophyta,Magnoliopsida,Rosales,Rosaceae,Malus,Malus sylvestris
drMedArab1,.,Viridiplantae,Streptophyta,Magnoliopsida,Fabales,Fabaceae,Medicago,Medicago arabica
drMedLupu1,.,Viridiplantae,Streptophyta,Magnoliopsida,Fabales,Fabaceae,Medicago,Medicago lupulina
drParJuda1,.,Viridiplantae,Streptophyta,Magnoliopsida,Rosales,Urticaceae,Parietaria,Parietaria judaica
drPotSter1,.,Viridiplantae,Streptophyta,Magnoliopsida,Rosales,Rosaceae,Potentilla,Potentilla sterilis
drPruPadu1,Bird cherry,Viridiplantae,Streptophyta,Magnoliopsida,Rosales,Rosaceae,Prunus,Prunus padus
drPyrComm1,Pear,Viridiplantae,Streptophyta,Magnoliopsida,Rosales,Rosaceae,Pyrus,Pyrus communis
drTriDubi3,.,Viridiplantae,Streptophyta,Magnoliopsida,Fabales,Fabaceae,Trifolium,Trifolium dubium
drTriFrag1,.,Viridiplantae,Streptophyta,Magnoliopsida,Fabales,Fabaceae,Trifolium,Trifolium fragiferum
drTriSubt1,.,Viridiplantae,Streptophyta,Magnoliopsida,Fabales,Fabaceae,Trifolium,Trifolium subterraneum
drUmbRupe1,.,Viridiplantae,Streptophyta,Magnoliopsida,Saxifragales,Crassulaceae,Umbilicus,Umbilicus rupestris
drUrtDioi1,Great nettle,Viridiplantae,Streptophyta,Magnoliopsida,Rosales,Urticaceae,Urtica,Urtica dioica
drUrtUren1,.,Viridiplantae,Streptophyta,Magnoliopsida,Rosales,Urticaceae,Urtica,Urtica urens
eaLuiSars1,(a starfish),Metazoa,Echinodermata,Asteroidea,Paxillosida,Luidiidae,Luidia,Luidia sarsii
eaMarGlac1,Spiny starfish,Metazoa,Echinodermata,Asteroidea,Forcipulatida,Asteriidae,Marthasterias,Marthasterias glacialis
ecAntBifi1,Rosy feather star,Metazoa,Echinodermata,Crinoidea,Comatulida,Antedonidae,Antedon,Antedon bifida
fAbrBra2,Common bream,Metazoa,Chordata,Actinopteri,Cypriniformes,Cyprinidae,Abramis,Abramis brama
fBarBab1,Barbel,Metazoa,Chordata,Actinopteri,Cypriniformes,Cyprinidae,Barbus,Barbus barbus
fBarBar1,Stone loach,Metazoa,Chordata,Actinopteri,Cypriniformes,Nemacheilidae,Barbatula,Barbatula barbatula
fBleOce1,Butterfly blenny,Metazoa,Chordata,Actinopteri,Blenniiformes,Blenniidae,Blennius,Blennius ocellaris
fCarCar2,Crucian carp,Metazoa,Chordata,Actinopteri,Cypriniformes,Cyprinidae,Carassius,Carassius carassius
fCheLab1,Thicklip grey mullet,Metazoa,Chordata,Actinopteri,Mugiliformes,Mugilidae,Chelon,Chelon labrosus
fConCon1,European conger,Metazoa,Chordata,Actinopteri,Anguilliformes,Congridae,Conger,Conger conger
fCycLum2,Lumpfish,Metazoa,Chordata,Actinopteri,Perciformes,Cyclopteridae,Cyclopterus,Cyclopterus lumpus
fDanRer4,Zebrafish,Metazoa,Chordata,Actinopteri,Cypriniformes,Cyprinidae,Danio,Danio rerio
fEchVip8,Lesser weever,Metazoa,Chordata,Actinopteri,Perciformes,Trachinidae,Echiichthys,Echiichthys vipera
fEutGur1,Grey gurnard,Metazoa,Chordata,Actinopteri,Perciformes,Triglidae,Eutrigla,Eutrigla gurnardus
fGobGob1,Gudgeon,Metazoa,Chordata,Actinopteri,Cypriniformes,Cyprinidae,Gobio,Gobio gobio
fGobNig1,Black goby,Metazoa,Chordata,Actinopteri,Gobiiformes,Gobiidae,Gobius,Gobius niger
fHypImm3,Greater sand-eel,Metazoa,Chordata,Actinopteri,Uranoscopiformes,Ammodytidae,Hyperoplus,Hyperoplus immaculatus
fLabBer1,Ballan wrasse,Metazoa,Chordata,Actinopteri,Labriformes,Labridae,Labrus,Labrus bergylta
fLabMix1,Cuckoo wrasse,Metazoa,Chordata,Actinopteri,Labriformes,Labridae,Labrus,Labrus mixtus
fLipPho2,Shanny,Metazoa,Chordata,Actinopteri,Blenniiformes,Blenniidae,Lipophrys,Lipophrys pholis
fMicPou1,Blue whiting,Metazoa,Chordata,Actinopteri,Gadiformes,Gadidae,Micromesistius,Micromesistius poutassou
fMicVar1,Thickback sole,Metazoa,Chordata,Actinopteri,Pleuronectiformes,Soleidae,Microchirus,Microchirus variegatus
fPhoGun1,Rock gunnel,Metazoa,Chordata,Actinopteri,Perciformes,Pholidae,Pholis,Pholis gunnellus
fPhoPho1,Eurasian minnow,Metazoa,Chordata,Actinopteri,Cypriniformes,Cyprinidae,Phoxinus,Phoxinus phoxinus
fPlaFle2,European flounder,Metazoa,Chordata,Actinopteri,Pleuronectiformes,Pleuronectidae,Platichthys,Platichthys flesus
fPlePla1,European plaice,Metazoa,Chordata,Actinopteri,Pleuronectiformes,Pleuronectidae,Pleuronectes,Pleuronectes platessa
fPolPol2,Pollack,Metazoa,Chordata,Actinopteri,Gadiformes,Gadidae,Pollachius,Pollachius pollachius
fPunPun2,Ninespine stickleback,Metazoa,Chordata,Actinopteri,Perciformes,Gasterosteidae,Pungitius,Pungitius pungitius
fRutRut2,Roach minnow,Metazoa,Chordata,Actinopteri,Cypriniformes,Cyprinidae,Rutilus,Rutilus rutilus
fSalTru1,Brown trout,Metazoa,Chordata,Actinopteri,Salmoniformes,Salmonidae,Salmo,Salmo trutta
fScoMax1,Turbot,Metazoa,Chordata,Actinopteri,Pleuronectiformes,Scophthalmidae,Scophthalmus,Scophthalmus maximus
fScoSco1,Atlantic mackerel,Metazoa,Chordata,Actinopteri,Scombriformes,Scombridae,Scomber,Scomber scombrus
fSprSpr1,European sprat,Metazoa,Chordata,Actinopteri,Clupeiformes,Clupeidae,Sprattus,Sprattus sprattus
fSquCep2,European chub,Metazoa,Chordata,Actinopteri,Cypriniformes,Cyprinidae,Squalius,Squalius cephalus
fSymMel2,Corkwing wrasse,Metazoa,Chordata,Actinopteri,Labriformes,Labridae,Symphodus,Symphodus melops
fSynAcu2,Greater pipefish,Metazoa,Chordata,Actinopteri,Syngnathiformes,Syngnathidae,Syngnathus,Syngnathus acus
fTauBub2,Long-spined sea scorpion,Metazoa,Chordata,Actinopteri,Perciformes,Cottidae,Taurulus,Taurulus bubalis
fTelBon1,.,Metazoa,Chordata,Actinopteri,Atheriniformes,Telmatherinidae,Telmatherina,Telmatherina bonti
fThuMac1,Southern bluefin tuna,Metazoa,Chordata,Actinopteri,Scombriformes,Scombridae,Thunnus,Thunnus maccoyii
fTraTra1,Atlantic horse mackerel,Metazoa,Chordata,Actinopteri,Carangiformes,Carangidae,Trachurus,Trachurus trachurus
fZeuFab8,John dory,Metazoa,Chordata,Actinopteri,Zeiformes,Zeidae,Zeus,Zeus faber
gfAgaBisp1,Cultivated mushroom,Fungi,Basidiomycota,Agaricomycetes,Agaricales,Agaricaceae,Agaricus,Agaricus bisporus
gfClaFumo1,Smoky spindles,Fungi,Basidiomycota,Agaricomycetes,Agaricales,Clavariaceae,Clavaria,Clavaria fumosa
gfFlaVelt1,Velvet shank,Fungi,Basidiomycota,Agaricomycetes,Agaricales,Physalacriaceae,Flammulina,Flammulina velutipes
gfLaeSulp1,Chicken of the woods,Fungi,Basidiomycota,Agaricomycetes,Polyporales,Laetiporaceae,Laetiporus,Laetiporus sulphureus
gfPleOstr1,Oyster mushroom,Fungi,Basidiomycota,Agaricomycetes,Agaricales,Pleurotaceae,Pleurotus,Pleurotus ostreatus
gfPorCaly1,.,Fungi,Basidiomycota,Agaricomycetes,Agaricales,Hygrophoraceae,Porpolomopsis,Porpolomopsis calyptriformis
glLicPygm2,Black lichen,Fungi,Ascomycota,Lichinomycetes,Lichinales,Lichinaceae,Lichina,Lichina pygmaea
grCorFumo1,.,Fungi,Ascomycota,Sordariomycetes,Hypocreales,Cordycipitaceae,Cordyceps,Cordyceps fumosorosea
grSimLame1,.,Fungi,Ascomycota,Sordariomycetes,Hypocreales,Cordycipitaceae,Simplicillium,Simplicillium lamellicola
grTriPseu1,.,Fungi,Ascomycota,Sordariomycetes,Hypocreales,Hypocreaceae,Trichoderma,Trichoderma citrinoviride
gsMetZobe1,(a marine yeast),Fungi,Ascomycota,Pichiomycetes,Serinales,Metschnikowiaceae,Metschnikowia,Metschnikowia zobellii
gzEntParv1,.,Fungi,Mucoromycota,Mortierellomycetes,Mortierellales,Mortierellaceae,Entomortierella,Entomortierella parvispora
gzMucPiri1,.,Fungi,Mucoromycota,Mucoromycetes,Mucorales,Mucoraceae,Mucor,Mucor piriformis
icAdaBipu1,2-spot ladybird,Metazoa,Arthropoda,Insecta,Coleoptera,Coccinellidae,Adalia,Adalia bipunctata
icAgoFuli1,.,Metazoa,Arthropoda,Insecta,Coleoptera,Carabidae,Agonum,Agonum fuliginosum
icAgrCyan1,.,Metazoa,Arthropoda,Insecta,Coleoptera,Buprestidae,Agrilus,Agrilus cyanescens
icAgrMuri1,.,Metazoa,Arthropoda,Insecta,Coleoptera,Elateridae,Agrypnus,Agrypnus murinus
icAnaMacu3,.,Metazoa,Arthropoda,Insecta,Coleoptera,Scraptiidae,Anaspis,Anaspis maculata
icApoCory1,Hazel leaf-roller,Metazoa,Arthropoda,Insecta,Coleoptera,Attelabidae,Apoderus,Apoderus coryli
icCanRufa1,.,Metazoa,Arthropoda,Insecta,Coleoptera,Cantharidae,Cantharis,Cantharis rufa
icCanRust1,Sailor beetle,Metazoa,Arthropoda,Insecta,Coleoptera,Cantharidae,Cantharis,Cantharis rustica
icCetAura1,.,Metazoa,Arthropoda,Insecta,Coleoptera,Scarabaeidae,Cetonia,Cetonia aurata
icChrOric1,.,Metazoa,Arthropoda,Insecta,Coleoptera,Chrysomelidae,Chrysolina,Chrysolina oricalcia
icCocSept1,Seven-spotted ladybird,Metazoa,Arthropoda,Insecta,Coleoptera,Coccinellidae,Coccinella,Coccinella septempunctata
icCryMora2,.,Metazoa,Arthropoda,Insecta,Coleoptera,Chrysomelidae,Cryptocephalus,Cryptocephalus moraei
icElmAene2,Riffle beetle,Metazoa,Arthropoda,Insecta,Coleoptera,Elmidae,Elmis,Elmis aenea
icHalSede1,Orange ladybird,Metazoa,Arthropoda,Insecta,Coleoptera,Coccinellidae,Halyzia,Halyzia sedecimguttata
icHarAxyr1,Harlequin,Metazoa,Arthropoda,Insecta,Coleoptera,Coccinellidae,Harmonia,Harmonia axyridis
icLagHirt1,.,Metazoa,Arthropoda,Insecta,Coleoptera,Tenebrionidae,Lagria,Lagria hirta
icLeiSpin1,.,Metazoa,Arthropoda,Insecta,Coleoptera,Carabidae,Leistus,Leistus spinibarbis
icLepMacu1,.,Metazoa,Arthropoda,Insecta,Coleoptera,Cerambycidae,Rutpela,Rutpela maculata
icLocCapr1,Willow leaf beetle,Metazoa,Arthropoda,Insecta,Coleoptera,Chrysomelidae,Lochmaea,Lochmaea capreae
icLocCrat2,Hawthorn leaf beetle,Metazoa,Arthropoda,Insecta,Coleoptera,Chrysomelidae,Lochmaea,Lochmaea crataegi
icMalBipu1,Common malachite beetle,Metazoa,Arthropoda,Insecta,Coleoptera,Melyridae,Malachius,Malachius bipustulatus
icMelMelo1,Cockchafer,Metazoa,Arthropoda,Insecta,Coleoptera,Scarabaeidae,Melolontha,Melolontha melolontha
icNebBrev1,.,Metazoa,Arthropoda,Insecta,Coleoptera,Carabidae,Nebria,Nebria brevicollis
icNebSali1,.,Metazoa,Arthropoda,Insecta,Coleoptera,Carabidae,Nebria,Nebria salina
icOcyOlen1,Devil's coach horse,Metazoa,Arthropoda,Insecta,Coleoptera,Staphylinidae,Ocypus,Ocypus olens
icOphArdo1,.,Metazoa,Arthropoda,Insecta,Coleoptera,Carabidae,Ophonus,Ophonus ardosiacus
icPhiCogn1,Rove beetle,Metazoa,Arthropoda,Insecta,Coleoptera,Staphylinidae,Philonthus,Philonthus cognatus
icPodAlpi1,.,Metazoa,Arthropoda,Insecta,Coleoptera,Cantharidae,Podabrus,Podabrus alpinus
icPolCerv1,.,Metazoa,Arthropoda,Insecta,Coleoptera,Curculionidae,Polydrusus,Polydrusus cervinus
icPteMadi1,Black clock beetle,Metazoa,Arthropoda,Insecta,Coleoptera,Carabidae,Pterostichus,Pterostichus madidus
icPteNige1,.,Metazoa,Arthropoda,Insecta,Coleoptera,Carabidae,Pterostichus,Pterostichus niger
icPyrSerr1,Red-headed cardinal beetle,Metazoa,Arthropoda,Insecta,Coleoptera,Pyrochroidae,Pyrochroa,Pyrochroa serraticornis
icRhaFulv1,Common red soldier beetle,Metazoa,Arthropoda,Insecta,Coleoptera,Cantharidae,Rhagonycha,Rhagonycha fulva
icSilAtra2,Black snail beetle,Metazoa,Arthropoda,Insecta,Coleoptera,Silphidae,Silpha,Phosphuga atrata
idAcrOrbc1,Top-horned hunchback,Metazoa,Arthropoda,Insecta,Diptera,Acroceridae,Acrocera,Acrocera orbiculus
idBacElon1,Gossamer hoverfly,Metazoa,Arthropoda,Insecta,Diptera,Syrphidae,Baccha,Baccha elongata
idBelPand1,Bisetose emerald-bottle,Metazoa,Arthropoda,Insecta,Diptera,Calliphoridae,Bellardia,Bellardia pandia
idBerChal2,Yellow-legged black legionnaire,Metazoa,Arthropoda,Insecta,Diptera,Stratiomyidae,Beris,Beris chalybata
idBibMarc1,St. mark's fly,Metazoa,Arthropoda,Insecta,Diptera,Bibionidae,Bibio,Bibio marci
idBleFall4,Pine hoverfly,Metazoa,Arthropoda,Insecta,Diptera,Syrphidae,Blera,Blera fallax
idBomDisc1,Dotted bee fly,Metazoa,Arthropoda,Insecta,Diptera,Bombyliidae,Bombylius,Bombylius discolor
idBomMajo1,Dark edged bee fly,Metazoa,Arthropoda,Insecta,Diptera,Bombyliidae,Bombylius,Bombylius major
idBraLaph1,Forest hoverfly,Metazoa,Arthropoda,Insecta,Diptera,Syrphidae,Brachypalpus,Brachypalpus laphriformis
idCalVomi1,.,Metazoa,Arthropoda,Insecta,Diptera,Calliphoridae,Calliphora,Calliphora vomitoria
idCheImpr3,.,Metazoa,Arthropoda,Insecta,Diptera,Syrphidae,Cheilosia,Cheilosia impressa
idChePaga1,Parsley cheilosia,Metazoa,Arthropoda,Insecta,Diptera,Syrphidae,Cheilosia,Cheilosia pagana
idCheUrba1,Hawkweed cheilosia,Metazoa,Arthropoda,Insecta,Diptera,Syrphidae,Cheilosia,Cheilosia urbana
idCheVern2,Yarrow cheilosia,Metazoa,Arthropoda,Insecta,Diptera,Syrphidae,Cheilosia,Cheilosia vernalis
idCheVulp2,Large burdock cheilosia,Metazoa,Arthropoda,Insecta,Diptera,Syrphidae,Cheilosia,Cheilosia vulpina
idChrBici1,Two-banded wasp hoverfly,Metazoa,Arthropoda,Insecta,Diptera,Syrphidae,Chrysotoxum,Chrysotoxum bicinctum
idCisGlob1,.,Metazoa,Arthropoda,Insecta,Diptera,Tachinidae,Cistogaster,Cistogaster globosa
idCluTigr1,.,Metazoa,Arthropoda,Insecta,Diptera,Clusiidae,Clusia,Clusia tigrina
idCoePili4,.,Metazoa,Arthropoda,Insecta,Diptera,Coelopidae,Coelopa,Coelopa pilipes
idCorMarg1,.,Metazoa,Arthropoda,Insecta,Diptera,Sciomyzidae,Coremacera,Coremacera marginata
idCriBerb1,Dimorphic bear hoverfly,Metazoa,Arthropoda,Insecta,Diptera,Syrphidae,Criorhina,Criorhina berberina
idDasAlbo1,Stripe-backed dasysyrphus,Metazoa,Arthropoda,Insecta,Diptera,Syrphidae,Dasysyrphus,Dasysyrphus albostriatus
idEpiBalt1,Marmalade hoverfly,Metazoa,Arthropoda,Insecta,Diptera,Syrphidae,Episyrphus,Episyrphus balteatus
idEpiEuco1,.,Metazoa,Arthropoda,Insecta,Diptera,Syrphidae,Epistrophella,Epistrophella euchroma
idEpiGros1,Broad-banded epistrophe,Metazoa,Arthropoda,Insecta,Diptera,Syrphidae,Epistrophe,Epistrophe grossulariae
idEpiSucc1,.,Metazoa,Arthropoda,Insecta,Diptera,Tachinidae,Epicampocera,Epicampocera succincta
idEriArbu1,Plane-faced dronefly,Metazoa,Arthropoda,Insecta,Diptera,Syrphidae,Eristalis,Eristalis arbustorum
idEriPert2,Tapered dronefly,Metazoa,Arthropoda,Insecta,Diptera,Syrphidae,Eristalis,Eristalis pertinax
idEriSepu1,Small spotty-eyed dronefly,Metazoa,Arthropoda,Insecta,Diptera,Syrphidae,Eristalinus,Eristalinus sepulchralis
idEriTena2,The dronefly,Metazoa,Arthropoda,Insecta,Diptera,Syrphidae,Eristalis,Eristalis tenax
idEupCoro1,.,Metazoa,Arthropoda,Insecta,Diptera,Syrphidae,Eupeodes,Eupeodes corollae
idEupLati1,Meadow field syrph,Metazoa,Arthropoda,Insecta,Diptera,Syrphidae,Eupeodes,Eupeodes latifasciatus
idGymRotn1,.,Metazoa,Arthropoda,Insecta,Diptera,Tachinidae,Gymnosoma,Gymnosoma rotundatum
idLeuLate1,Dark-saddled leucozona,Metazoa,Arthropoda,Insecta,Diptera,Syrphidae,Leucozona,Leucozona laternaria
idLypDubi1,.,Metazoa,Arthropoda,Insecta,Diptera,Tachinidae,Lypha,Lypha dubia
idMacAtri3,.,Metazoa,Arthropoda,Insecta,Diptera,Asilidae,Machimus,Machimus atricapillus
idMelAuri2,Spotted meliscaeva,Metazoa,Arthropoda,Insecta,Diptera,Syrphidae,Meliscaeva,Meliscaeva auricollis
idMelMell2,Dumpy grass hoverfly,Metazoa,Arthropoda,Insecta,Diptera,Syrphidae,Melanostoma,Melanostoma mellinum
idMyaFlor2,Batman hoverfly,Metazoa,Arthropoda,Insecta,Diptera,Syrphidae,Myathropa,Myathropa florea
idMyoTess1,.,Metazoa,Arthropoda,Insecta,Diptera,Conopidae,Myopa,Myopa tessellatipennis
idNemNigr1,.,Metazoa,Arthropoda,Insecta,Diptera,Stratiomyidae,Nemotelus,Nemotelus nigrinus
idNeoCyan1,Common awl robberfly,Metazoa,Arthropoda,Insecta,Diptera,Asilidae,Neoitamus,Neoitamus cyanurus
idNeoInte1,Bulrush neoascia,Metazoa,Arthropoda,Insecta,Diptera,Syrphidae,Neoascia,Neoascia interrupta
idNepAppe1,Spotted cranefly,Metazoa,Arthropoda,Insecta,Diptera,Tipulidae,Nephrotoma,Nephrotoma appendiculata
idNepFlae1,Cranefly,Metazoa,Arthropoda,Insecta,Diptera,Tipulidae,Nephrotoma,Nephrotoma flavescens
idNepScut1,.,Metazoa,Arthropoda,Insecta,Diptera,Pipunculidae,Nephrocerus,Nephrocerus scutellatus
idNowFero1,.,Metazoa,Arthropoda,Insecta,Diptera,Tachinidae,Nowickia,Nowickia ferox
idPheCory1,.,Metazoa,Arthropoda,Insecta,Diptera,Sciomyzidae,Pherbina,Pherbina coryleti
idPhyMeln1,.,Metazoa,Arthropoda,Insecta,Diptera,Rhinophoridae,Phyto,Phyto melanocephala
idPlaAlba1,White-footed hoverfly,Metazoa,Arthropoda,Insecta,Diptera,Syrphidae,Platycheirus,Platycheirus albimanus
idPoeNobi2,.,Metazoa,Arthropoda,Insecta,Diptera,Dolichopodidae,Poecilobothrus,Poecilobothrus nobilitatus
idPolAmen1,Black-bellied clusterfly,Metazoa,Arthropoda,Insecta,Diptera,Polleniidae,Pollenia,Pollenia amentaria
idPolAngu1,Narrow-cheeked clusterfly,Metazoa,Arthropoda,Insecta,Diptera,Polleniidae,Pollenia,Pollenia angustigena
idPolDomi1,.,Metazoa,Arthropoda,Insecta,Diptera,Muscidae,Polietes,Polietes domitor
idProAzur1,Bird blowfly,Metazoa,Arthropoda,Insecta,Diptera,Calliphoridae,Protocalliphora,Protocalliphora azurea
idRhiCamp1,Common snout-hoverfly,Metazoa,Arthropoda,Insecta,Diptera,Syrphidae,Rhingia,Rhingia campestris
idSarCaer1,.,Metazoa,Arthropoda,Insecta,Diptera,Sarcophagidae,Sarcophaga,Sarcophaga caerulescens
idSarRose1,.,Metazoa,Arthropoda,Insecta,Diptera,Sarcophagidae,Sarcophaga,Sarcophaga rosellei
idSarSubv1,.,Metazoa,Arthropoda,Insecta,Diptera,Sarcophagidae,Sarcophaga,Sarcophaga subvicina
idSarVari1,.,Metazoa,Arthropoda,Insecta,Diptera,Sarcophagidae,Sarcophaga,Sarcophaga variegata
idScaPyra1,Pied hoverfly,Metazoa,Arthropoda,Insecta,Diptera,Syrphidae,Scaeva,Scaeva pyrastri
idSicFerr1,Ferruginous bee-grabber,Metazoa,Arthropoda,Insecta,Diptera,Conopidae,Sicus,Sicus ferrugineus
idSphTaen1,.,Metazoa,Arthropoda,Insecta,Diptera,Syrphidae,Sphaerophoria,Sphaerophoria taeniata
idStoLuna1,.,Metazoa,Arthropoda,Insecta,Diptera,Rhiniidae,Stomorhina,Stomorhina lunata
idSuiVari3,.,Metazoa,Arthropoda,Insecta,Diptera,Heleomyzidae,Suillia,Suillia variegata
idSyrPipi1,Thick-legged hoverfly,Metazoa,Arthropoda,Insecta,Diptera,Syrphidae,Syritta,Syritta pipiens
idTacFera2,.,Metazoa,Arthropoda,Insecta,Diptera,Tachinidae,Tachina,Tachina fera
idTacLuri1,.,Metazoa,Arthropoda,Insecta,Diptera,Tachinidae,Tachina,Tachina lurida
idTheAcut1,.,Metazoa,Arthropoda,Insecta,Diptera,Tachinidae,Thecocarcelia,Thecocarcelia acutangulata
idTheAtra2,.,Metazoa,Arthropoda,Insecta,Diptera,Conopidae,Thecophora,Thecophora atra
idTheSoli1,.,Metazoa,Arthropoda,Insecta,Diptera,Tachinidae,Thelaira,Thelaira solivaga
idVolBomb1,Bumblebee hoverfly,Metazoa,Arthropoda,Insecta,Diptera,Syrphidae,Volucella,Volucella bombylans
idVolInan1,Lesser hornet hoverfly,Metazoa,Arthropoda,Insecta,Diptera,Syrphidae,Volucella,Volucella inanis
idVolInfl1,Cossus hoverfly,Metazoa,Arthropoda,Insecta,Diptera,Syrphidae,Volucella,Volucella inflata
idXanPedi1,Hoverfly,Metazoa,Arthropoda,Insecta,Diptera,Syrphidae,Xanthogramma,Xanthogramma pedissequum
idXylSylv2,Golden-tailed hoverfly,Metazoa,Arthropoda,Insecta,Diptera,Syrphidae,Xylota,Xylota sylvarum
ihAcaHaem1,Hawthorn shieldbug,Metazoa,Arthropoda,Insecta,Hemiptera,Acanthosomatidae,Acanthosoma,Acanthosoma haemorrhoidale
ihAelAcum1,Bishop's mitre shieldbug,Metazoa,Arthropoda,Insecta,Hemiptera,Pentatomidae,Aelia,Aelia acuminata
ihDrePlat2,Common sycamore aphid,Metazoa,Arthropoda,Insecta,Hemiptera,Aphididae,Drepanosiphum,Drepanosiphum platanoidis
iHemFuc1,Broad-bordered bee hawk-moth,Metazoa,Arthropoda,Insecta,Lepidoptera,Sphingidae,Hemaris,Hemaris fuciformis
ihGonAcut1,Box bug,Metazoa,Arthropoda,Insecta,Hemiptera,Coreidae,Gonocerus,Gonocerus acuteangulatus
ihRhaNebu1,.,Metazoa,Arthropoda,Insecta,Hemiptera,Pentatomidae,Rhaphigaster,Rhaphigaster nebulosa
iiAthCine2,.,Metazoa,Arthropoda,Insecta,Trichoptera,Leptoceridae,Athripsodes,Athripsodes cinereus
iiGlyPell1,.,Metazoa,Arthropoda,Insecta,Trichoptera,Limnephilidae,Glyphotaelius,Glyphotaelius pellucidus
iiLimLuna2,.,Metazoa,Arthropoda,Insecta,Trichoptera,Limnephilidae,Limnephilus,Limnephilus lunatus
iiLimMarm1,.,Metazoa,Arthropoda,Insecta,Trichoptera,Limnephilidae,Limnephilus,Limnephilus marmoratus
iiLimRhom1,.,Metazoa,Arthropoda,Insecta,Trichoptera,Limnephilidae,Limnephilus,Limnephilus rhombicus
ilAbrTril1,Dark spectacle,Metazoa,Arthropoda,Insecta,Lepidoptera,Noctuidae,Abrostola,Abrostola triplasia
ilAbrTrip1,The spectacle,Metazoa,Arthropoda,Insecta,Lepidoptera,Noctuidae,Abrostola,Abrostola tripartita
ilAceEphe1,Water veneer,Metazoa,Arthropoda,Insecta,Lepidoptera,Crambidae,Acentria,Acentria ephemerella
ilAchFlav2,Yellow horned,Metazoa,Arthropoda,Insecta,Lepidoptera,Drepanidae,Achlya,Achlya flavicornis
ilAclCris2,Tufted button,Metazoa,Arthropoda,Insecta,Lepidoptera,Tortricidae,Acleris,Acleris cristana
ilAclEmar1,Notch-wing button,Metazoa,Arthropoda,Insecta,Lepidoptera,Tortricidae,Acleris,Acleris emargana
ilAclLite1,Lichen button,Metazoa,Arthropoda,Insecta,Lepidoptera,Tortricidae,Acleris,Acleris literana
ilAclSpar1,Ashy button,Metazoa,Arthropoda,Insecta,Lepidoptera,Tortricidae,Acleris,Acleris sparsana
ilAcrAcer1,The sycamore,Metazoa,Arthropoda,Insecta,Lepidoptera,Noctuidae,Acronicta,Acronicta aceris
ilAcrLepo1,The miller,Metazoa,Arthropoda,Insecta,Lepidoptera,Noctuidae,Acronicta,Acronicta leporina
ilAcrPsix1,.,Metazoa,Arthropoda,Insecta,Lepidoptera,Noctuidae,Acronicta,Acronicta psi
ilAcrSuav1,Thicket knot-horn,Metazoa,Arthropoda,Insecta,Lepidoptera,Pyralidae,Acrobasis,Acrobasis suavella
ilAglIoxx1,European peacock,Metazoa,Arthropoda,Insecta,Lepidoptera,Nymphalidae,Inachis,Inachis io
ilAglUrti1,Small tortoiseshell,Metazoa,Arthropoda,Insecta,Lepidoptera,Nymphalidae,Aglais,Nymphalis urticae
ilAgoAren1,Brindled flat-body,Metazoa,Arthropoda,Insecta,Lepidoptera,Depressariidae,Agonopterix,Agonopterix arenella
ilAgoSubp1,Ruddy flat-body,Metazoa,Arthropoda,Insecta,Lepidoptera,Depressariidae,Agonopterix,Agonopterix subpropinquella
ilAgrAura1,Scarce umber,Metazoa,Arthropoda,Insecta,Lepidoptera,Geometridae,Agriopis,Agriopis aurantiaria
ilAgrCirc1,The brick,Metazoa,Arthropoda,Insecta,Lepidoptera,Noctuidae,Agrochola,Agrochola circellaris
ilAgrLeuc1,Spring usher,Metazoa,Arthropoda,Insecta,Lepidoptera,Geometridae,Agriopis,Agriopis leucophaearia
ilAgrLota1,.,Metazoa,Arthropoda,Insecta,Lepidoptera,Noctuidae,Agrochola,Agrochola lota
ilAgrMaci1,Yellow-line quaker,Metazoa,Arthropoda,Insecta,Lepidoptera,Noctuidae,Agrochola,Agrochola macilenta
ilAgrMarg1,Dotted border,Metazoa,Arthropoda,Insecta,Lepidoptera,Geometridae,Agriopis,Agriopis marginaria
ilAgrPuta1,Shuttle-shaped dart,Metazoa,Arthropoda,Insecta,Lepidoptera,Noctuidae,Agrotis,Agrotis puta
ilAgrTris1,Common grass-veneer,Metazoa,Arthropoda,Insecta,Lepidoptera,Crambidae,Agriphila,Agriphila tristella
ilAlcRepa2,Mottled beauty moth,Metazoa,Arthropoda,Insecta,Lepidoptera,Geometridae,Alcis,Alcis repandata
ilAllOxya1,Green-brindled crescent,Metazoa,Arthropoda,Insecta,Lepidoptera,Noctuidae,Allophyes,Allophyes oxyacanthae
ilAlsAesc1,March moth,Metazoa,Arthropoda,Insecta,Lepidoptera,Geometridae,Alsophila,Alsophila aescularia
ilAmpBerb1,Svensson's copper underwing,Metazoa,Arthropoda,Insecta,Lepidoptera,Noctuidae,Amphipyra,Amphipyra berbera
ilAmpLuce6,.,Metazoa,Arthropoda,Insecta,Lepidoptera,Noctuidae,Amphipoea,Amphipoea lucens
ilAmpOcul1,Ear moth,Metazoa,Arthropoda,Insecta,Lepidoptera,Noctuidae,Amphipoea,Amphipoea oculea
ilAmpTrag2,Mouse moth,Metazoa,Arthropoda,Insecta,Lepidoptera,Noctuidae,Amphipyra,Amphipyra tragopoginis
ilAnaInnx2,Acer sober,Metazoa,Arthropoda,Insecta,Lepidoptera,Gelechiidae,Anarsia,Anarsia innoxiella
ilAnoMund1,Twin-spotted quaker,Metazoa,Arthropoda,Insecta,Lepidoptera,Noctuidae,Anorthoa,Anorthoa munda
ilAntCard3,Orange tip,Metazoa,Arthropoda,Insecta,Lepidoptera,Pieridae,Anthocharis,Anthocharis cardamines
ilAntChix2,.,Metazoa,Arthropoda,Insecta,Lepidoptera,Noctuidae,Antitype,Antitype chi
ilAntDeri1,Streamer,Metazoa,Arthropoda,Insecta,Lepidoptera,Geometridae,Anticlea,Anticlea derivata
ilApaEpom1,Clouded brindle,Metazoa,Arthropoda,Insecta,Lepidoptera,Noctuidae,Apamea,Apamea epomidion
ilApaMono1,Dark arches,Metazoa,Arthropoda,Insecta,Lepidoptera,Noctuidae,Apamea,Apamea monoglypha
ilApaSord1,Rustic shoulder-knot,Metazoa,Arthropoda,Insecta,Lepidoptera,Noctuidae,Apamea,Apamea sordens
ilApeSyri1,Lilac beauty,Metazoa,Arthropoda,Insecta,Lepidoptera,Geometridae,Apeira,Apeira syringaria
ilAplEffo1,Lesser treble-bar,Metazoa,Arthropoda,Insecta,Lepidoptera,Geometridae,Aplocera,Aplocera efformata
ilApoBetu1,Birch marble,Metazoa,Arthropoda,Insecta,Lepidoptera,Tortricidae,Apotomis,Apotomis betuletana
ilApoBist1,Heath knot-horn,Metazoa,Arthropoda,Insecta,Lepidoptera,Pyralidae,Apomyelois,Apomyelois bistriatella
ilApoCapr1,Sallow marble,Metazoa,Arthropoda,Insecta,Lepidoptera,Tortricidae,Apotomis,Apotomis capreana
ilApoCrat1,Black veined white,Metazoa,Arthropoda,Insecta,Lepidoptera,Pieridae,Aporia,Aporia crataegi
ilApoHisp1,Small brindled beauty,Metazoa,Arthropoda,Insecta,Lepidoptera,Geometridae,Apocheima,Apocheima hispidaria
ilApoLima1,.,Metazoa,Arthropoda,Insecta,Lepidoptera,Limacodidae,Apoda,Apoda limacodes
ilApoLuen1,Northern deep-brown dart,Metazoa,Arthropoda,Insecta,Lepidoptera,Noctuidae,Aporophyla,Aporophyla lueneburgensis
ilApoNigr3,.,Metazoa,Arthropoda,Insecta,Lepidoptera,Noctuidae,Aporophyla,Aporophyla nigra
ilApoTurb1,White-shouldered marble,Metazoa,Arthropoda,Insecta,Lepidoptera,Tortricidae,Apotomis,Apotomis turbidana
ilArcCraa1,Brown oak tortrix,Metazoa,Arthropoda,Insecta,Lepidoptera,Tortricidae,Archips,Archips crataeganus
ilArcXylo1,Variegated golden tortrix,Metazoa,Arthropoda,Insecta,Lepidoptera,Tortricidae,Archips,Archips xylosteana
ilAriAges1,Brown argus,Metazoa,Arthropoda,Insecta,Lepidoptera,Lycaenidae,Aricia,Aricia agestis
ilAriArta2,Northern brown argus,Metazoa,Arthropoda,Insecta,Lepidoptera,Lycaenidae,Aricia,Aricia artaxerxes
ilAteCent1,Centre-barred sallow,Metazoa,Arthropoda,Insecta,Lepidoptera,Noctuidae,Atethmia,Atethmia centrago
ilAthMouf1,Dotted grey groundling,Metazoa,Arthropoda,Insecta,Lepidoptera,Gelechiidae,Athrips,Athrips mouffetella
ilAutGamm1,Silver y,Metazoa,Arthropoda,Insecta,Lepidoptera,Noctuidae,Autographa,Autographa gamma
ilAutPulc1,Beautiful golden y,Metazoa,Arthropoda,Insecta,Lepidoptera,Noctuidae,Autographa,Autographa pulchrina
ilBemIchn1,Six-belted clearwing,Metazoa,Arthropoda,Insecta,Lepidoptera,Sesiidae,Bembecia,Bembecia ichneumoniformis
ilBicAnyn1,Squinting bush brown,Metazoa,Arthropoda,Insecta,Lepidoptera,Nymphalidae,Bicyclus,Bicyclus anynana
ilBisBetu1,Peppered moth,Metazoa,Arthropoda,Insecta,Lepidoptera,Geometridae,Biston,Biston betularia
ilBlaAdus2,Dingy dowd,Metazoa,Arthropoda,Insecta,Lepidoptera,Blastobasidae,Blastobasis,Blastobasis adustella
ilBlaLact1,London dowd,Metazoa,Arthropoda,Insecta,Lepidoptera,Blastobasidae,Blastobasis,Blastobasis lacticolella
ilBolSele5,Silver meadow fritillary,Metazoa,Arthropoda,Insecta,Lepidoptera,Nymphalidae,Boloria,Boloria selene
ilBraVimi1,Minor shoulder-knot,Metazoa,Arthropoda,Insecta,Lepidoptera,Noctuidae,Brachylomia,Brachylomia viminalis
ilCalPalu1,Bulrush veneer,Metazoa,Arthropoda,Insecta,Lepidoptera,Crambidae,Calamotropha,Calamotropha paludella
ilCamMarg1,Light emerald,Metazoa,Arthropoda,Insecta,Lepidoptera,Geometridae,Campaea,Campaea margaritaria
ilCarClav1,Pale mottled willow,Metazoa,Arthropoda,Insecta,Lepidoptera,Noctuidae,Caradrina,Caradrina clavipalpis
ilCarKade1,.,Metazoa,Arthropoda,Insecta,Lepidoptera,Noctuidae,Caradrina,Caradrina kadenii
ilCarPala2,Arctic skipper,Metazoa,Arthropoda,Insecta,Lepidoptera,Hesperiidae,Carterocephalus,Carterocephalus palaemon
ilCarQuer1,Long-horned flat-body,Metazoa,Arthropoda,Insecta,Lepidoptera,Depressariidae,Carcina,Carcina quercana
ilCatFrax1,Cliften non-pareil,Metazoa,Arthropoda,Insecta,Lepidoptera,Erebidae,Catocala,Catocala fraxini
ilCelArgi3,Holly blue,Metazoa,Arthropoda,Insecta,Lepidoptera,Lycaenidae,Celastrina,Celastrina argiolus
ilChaFerr1,Brown rustic,Metazoa,Arthropoda,Insecta,Lepidoptera,Noctuidae,Charanyca,Charanyca ferruginea
ilCheLega1,.,Metazoa,Arthropoda,Insecta,Lepidoptera,Geometridae,Chesias,Chesias legatella
ilChlSite2,Red-green carpet,Metazoa,Arthropoda,Insecta,Lepidoptera,Geometridae,Chloroclysta,Chloroclysta siterata
ilChrCulm1,Garden grass-veneer,Metazoa,Arthropoda,Insecta,Lepidoptera,Crambidae,Chrysoteuchia,Chrysoteuchia culmella
ilCloCurt1,Chocolate tip,Metazoa,Arthropoda,Insecta,Lepidoptera,Notodontidae,Clostera,Clostera curtula
ilColCroc2,Clouded yellow,Metazoa,Arthropoda,Insecta,Lepidoptera,Pieridae,Colias,Colias croceus
ilColFlav1,Tipped oak case-bearer,Metazoa,Arthropoda,Insecta,Lepidoptera,Coleophoridae,Coleophora,Coleophora flavipennella
ilConVacc3,The chestnut,Metazoa,Arthropoda,Insecta,Lepidoptera,Noctuidae,Conistra,Conistra vaccinii
ilCosPyra2,.,Metazoa,Arthropoda,Insecta,Lepidoptera,Noctuidae,Cosmia,Cosmia pyralina
ilCosTrap1,Dun-bar pinion,Metazoa,Arthropoda,Insecta,Lepidoptera,Noctuidae,Cosmia,Cosmia trapezina
ilCraLigu1,Coronet,Metazoa,Arthropoda,Insecta,Lepidoptera,Noctuidae,Craniophora,Craniophora ligustri
ilCroElin1,Scalloped oak,Metazoa,Arthropoda,Insecta,Lepidoptera,Geometridae,Crocallis,Crocallis elinguaria
ilCyaSemi1,Mazarine blue,Metazoa,Arthropoda,Insecta,Lepidoptera,Lycaenidae,Cyaniris,Cyaniris semiargus
ilCybMeso1,.,Metazoa,Arthropoda,Insecta,Lepidoptera,Erebidae,Cybosia,Cybosia mesomella
ilCydAmpl1,.,Metazoa,Arthropoda,Insecta,Lepidoptera,Tortricidae,Cydia,Cydia amplana
ilCydSple1,Marbled piercer,Metazoa,Arthropoda,Insecta,Lepidoptera,Tortricidae,Cydia,Cydia splendana
ilCydStro3,Spruce-seed moth,Metazoa,Arthropoda,Insecta,Lepidoptera,Tortricidae,Cydia,Cydia strobilella
ilDeiPorc1,Small elephant hawk-moth,Metazoa,Arthropoda,Insecta,Lepidoptera,Sphingidae,Deilephila,Deilephila porcellus
ilDiaChry1,Burnished brass,Metazoa,Arthropoda,Insecta,Lepidoptera,Noctuidae,Diachrysia,Diachrysia chrysitis
ilDiaMend1,Muslin,Metazoa,Arthropoda,Insecta,Lepidoptera,Erebidae,Diaphora,Diaphora mendica
ilDiaRubi1,Small square-spot,Metazoa,Arthropoda,Insecta,Lepidoptera,Noctuidae,Diarsia,Diarsia rubi
ilDicOoxx2,.,Metazoa,Arthropoda,Insecta,Lepidoptera,Noctuidae,Dicycla,Dicycla oo
ilDilCaer1,Figure of eight,Metazoa,Arthropoda,Insecta,Lepidoptera,Noctuidae,Diloba,Diloba caeruleocephala
ilDreFalc1,Pebble hook-tip,Metazoa,Arthropoda,Insecta,Lepidoptera,Drepanidae,Drepana,Drepana falcataria
ilDryErem1,Brindled green,Metazoa,Arthropoda,Insecta,Lepidoptera,Noctuidae,Dryobotodes,Dryobotodes eremita
ilDryLabe1,Oak rustic,Metazoa,Arthropoda,Insecta,Lepidoptera,Noctuidae,Dryobota,Dryobota labecula
ilDryRufi1,Lunar marbled brown,Metazoa,Arthropoda,Insecta,Lepidoptera,Notodontidae,Drymonia,Drymonia ruficornis
ilEclSila1,Small phoenix,Metazoa,Arthropoda,Insecta,Lepidoptera,Geometridae,Ecliptopera,Ecliptopera silaceata
ilEilCani1,.,Metazoa,Arthropoda,Insecta,Lepidoptera,Erebidae,Eilema,Eilema caniola
ilEilDepe1,Buff footman,Metazoa,Arthropoda,Insecta,Lepidoptera,Erebidae,Eilema,Eilema depressum
ilEilSoro1,Orange footman,Metazoa,Arthropoda,Insecta,Lepidoptera,Erebidae,Eilema,Eilema sororcula
ilEleCory1,Broken-barred carpet,Metazoa,Arthropoda,Insecta,Lepidoptera,Geometridae,Electrophaes,Electrophaes corylata
ilEleSimi1,White-barred knot-horn,Metazoa,Arthropoda,Insecta,Lepidoptera,Pyralidae,Elegia,Elegia similella
ilEmmMono1,Common plume,Metazoa,Arthropoda,Insecta,Lepidoptera,Pterophoridae,Emmelina,Emmelina monodactyla
ilEndFlam1,Rose-flounced tabby,Metazoa,Arthropoda,Insecta,Lepidoptera,Pyralidae,Endotricha,Endotricha flammealis
ilEnnFusc2,Dusky thorn,Metazoa,Arthropoda,Insecta,Lepidoptera,Geometridae,Ennomos,Ennomos fuscantarius
ilEnnQuei1,August thorn,Metazoa,Arthropoda,Insecta,Lepidoptera,Geometridae,Ennomos,Ennomos quercinarius
ilEpiBilu1,Crescent bell,Metazoa,Arthropoda,Insecta,Lepidoptera,Tortricidae,Epinotia,Epinotia bilunana
ilEpiDema1,Birch bell,Metazoa,Arthropoda,Insecta,Lepidoptera,Tortricidae,Epinotia,Epinotia demarniana
ilEpiNise2,Grey poplar bell,Metazoa,Arthropoda,Insecta,Lepidoptera,Tortricidae,Epinotia,Epinotia nisella
ilEpiRame1,Small birch bell,Metazoa,Arthropoda,Insecta,Lepidoptera,Tortricidae,Epinotia,Epinotia ramella
ilEraDefo1,Mottled umber,Metazoa,Arthropoda,Insecta,Lepidoptera,Geometridae,Erannis,Erannis defoliaria
ilEreAeth2,Scotch argus,Metazoa,Arthropoda,Insecta,Lepidoptera,Nymphalidae,Erebia,Erebia aethiops
ilEreLige1,Arran brown,Metazoa,Arthropoda,Insecta,Lepidoptera,Nymphalidae,Erebia,Erebia ligea
ilEryTage1,Dingy skipper,Metazoa,Arthropoda,Insecta,Lepidoptera,Hesperiidae,Erynnis,Erynnis tages
ilEspSulp1,Sulphur tubic,Metazoa,Arthropoda,Insecta,Lepidoptera,Oecophoridae,Esperia,Esperia sulphurella
ilEucMixx1,Mother shipton,Metazoa,Arthropoda,Insecta,Lepidoptera,Erebidae,Euclidia,Euclidia mi
ilEudLacu3,Little grey,Metazoa,Arthropoda,Insecta,Lepidoptera,Crambidae,Eudonia,Eudonia lacustrata
ilEudProf1,Diamond-back marble,Metazoa,Arthropoda,Insecta,Lepidoptera,Tortricidae,Eudemis,Eudemis profundana
ilEugGlar6,.,Metazoa,Arthropoda,Insecta,Lepidoptera,Noctuidae,Eugnorisma,Eugnorisma glareosa
ilEulPrun1,The phoenix,Metazoa,Arthropoda,Insecta,Lepidoptera,Geometridae,Eulithis,Eulithis prunata
ilEulTest2,.,Metazoa,Arthropoda,Insecta,Lepidoptera,Geometridae,Eulithis,Eulithis testata
ilEupAbbr2,Brindled pug,Metazoa,Arthropoda,Insecta,Lepidoptera,Geometridae,Eupithecia,Eupithecia abbreviata
ilEupCent1,Lime-speck pug,Metazoa,Arthropoda,Insecta,Lepidoptera,Geometridae,Eupithecia,Eupithecia centaureata
ilEupDodo1,Oak tree pug,Metazoa,Arthropoda,Insecta,Lepidoptera,Geometridae,Eupithecia,Eupithecia dodoneata
ilEupExig1,Mottled pug,Metazoa,Arthropoda,Insecta,Lepidoptera,Geometridae,Eupithecia,Eupithecia exiguata
ilEupInsi1,Pinion-spotted pug,Metazoa,Arthropoda,Insecta,Lepidoptera,Geometridae,Eupithecia,Eupithecia insigniata
ilEupLuci1,Small angle shades,Metazoa,Arthropoda,Insecta,Lepidoptera,Noctuidae,Euplexia,Euplexia lucipara
ilEupSimi1,Yellow-tail,Metazoa,Arthropoda,Insecta,Lepidoptera,Erebidae,Euproctis,Euproctis similis
ilEupTran1,The satellite,Metazoa,Arthropoda,Insecta,Lepidoptera,Noctuidae,Eupsilia,Eupsilia transversa
ilEupVulg1,Common pug,Metazoa,Arthropoda,Insecta,Lepidoptera,Geometridae,Eupithecia,Eupithecia vulgata
ilEuzPing2,Ash-bark knot-horn,Metazoa,Arthropoda,Insecta,Lepidoptera,Pyralidae,Euzophera,Euzophera pinguis
ilFabAdip1,High brown fritillary,Metazoa,Arthropoda,Insecta,Lepidoptera,Nymphalidae,Fabriciana,Fabriciana adippe
ilFisYpsi1,Dingy shears,Metazoa,Arthropoda,Insecta,Lepidoptera,Noctuidae,Fissipunctia,Fissipunctia ypsillon
ilFurFurc1,Sallow kitten,Metazoa,Arthropoda,Insecta,Lepidoptera,Notodontidae,Furcula,Furcula furcula
ilGanPyra1,Barred straw,Metazoa,Arthropoda,Insecta,Lepidoptera,Geometridae,Gandaritis,Gandaritis pyraliata
ilGlaAlex1,Green-underside blue,Metazoa,Arthropoda,Insecta,Lepidoptera,Lycaenidae,Glaucopsyche,Glaucopsyche alexis
ilGriApri1,Merveille du jour,Metazoa,Arthropoda,Insecta,Lepidoptera,Noctuidae,Griposia,Griposia aprilina
ilGymRufi1,Double-striped pug,Metazoa,Arthropoda,Insecta,Lepidoptera,Geometridae,Gymnoscelis,Gymnoscelis rufifasciata
ilHabPyri1,Buff arches,Metazoa,Arthropoda,Insecta,Lepidoptera,Drepanidae,Habrosyne,Habrosyne pyritoides
ilHecDyso1,Small ranunculus,Metazoa,Arthropoda,Insecta,Lepidoptera,Noctuidae,Hecatera,Hecatera dysodea
ilHedSali1,White-backed marble,Metazoa,Arthropoda,Insecta,Lepidoptera,Tortricidae,Hedya,Hedya salicella
ilHemAest2,Common emerald,Metazoa,Arthropoda,Insecta,Lepidoptera,Geometridae,Hemithea,Hemithea aestivaria
ilHemChry1,Small emerald,Metazoa,Arthropoda,Insecta,Lepidoptera,Geometridae,Hemistola,Hemistola chrysoprasaria
ilHerTari1,The fan foot,Metazoa,Arthropoda,Insecta,Lepidoptera,Erebidae,Herminia,Herminia tarsipennalis
ilHesComm1,Common branded skipper,Metazoa,Arthropoda,Insecta,Lepidoptera,Hesperiidae,Hesperia,Hesperia comma
ilHipSeme1,Rock grayling,Metazoa,Arthropoda,Insecta,Lepidoptera,Nymphalidae,Hipparchia,Hipparchia semele
ilHofPseu3,Brown house moth,Metazoa,Arthropoda,Insecta,Lepidoptera,Oecophoridae,Hofmannophila,Hofmannophila pseudospretella
ilHydFurc1,July highflyer,Metazoa,Arthropoda,Insecta,Lepidoptera,Geometridae,Hydriomena,Hydriomena furcata
ilHydMica1,Rosy rustic,Metazoa,Arthropoda,Insecta,Lepidoptera,Noctuidae,Hydraecia,Hydraecia micacea
ilHylFasc1,Barred red,Metazoa,Arthropoda,Insecta,Lepidoptera,Geometridae,Hylaea,Hylaea fasciaria
ilHypCost1,Gold triangle,Metazoa,Arthropoda,Insecta,Lepidoptera,Pyralidae,Hypsopygia,Hypsopygia costalis
ilHypProb1,The snout,Metazoa,Arthropoda,Insecta,Lepidoptera,Erebidae,Hypena,Hypena proboscidalis
ilIdaAver1,Riband wave,Metazoa,Arthropoda,Insecta,Lepidoptera,Geometridae,Idaea,Idaea aversata
ilIncMasc1,.,Metazoa,Arthropoda,Insecta,Lepidoptera,Incurvariidae,Incurvaria,Incurvaria masculella
ilLacWlai2,Light brocade,Metazoa,Arthropoda,Insecta,Lepidoptera,Noctuidae,Lacanobia,Lacanobia wlatinum
ilLamSuff1,Water carpet,Metazoa,Arthropoda,Insecta,Lepidoptera,Geometridae,Lampropteryx,Lampropteryx suffumata
ilLaoPopu1,Poplar hawk-moth,Metazoa,Arthropoda,Insecta,Lepidoptera,Sphingidae,Laothoe,Laothoe populi
ilLasFlex1,Beautiful hook-tip,Metazoa,Arthropoda,Insecta,Lepidoptera,Erebidae,Laspeyria,Laspeyria flexula
ilLasMege1,Wall brown,Metazoa,Arthropoda,Insecta,Lepidoptera,Nymphalidae,Lasiommata,Lasiommata megera
ilLatStri6,.,Metazoa,Arthropoda,Insecta,Lepidoptera,Tortricidae,Lathronympha,Lathronympha strigana
ilLepSina1,Wood white,Metazoa,Arthropoda,Insecta,Lepidoptera,Pieridae,Leptidea,Leptidea sinapis
ilLeuSali1,White satin,Metazoa,Arthropoda,Insecta,Lepidoptera,Erebidae,Leucoma,Leucoma salicis
ilLigAdus1,Scorched carpet,Metazoa,Arthropoda,Insecta,Lepidoptera,Geometridae,Ligdia,Ligdia adustata
ilLimCami1,White admiral,Metazoa,Arthropoda,Insecta,Lepidoptera,Nymphalidae,Limenitis,Limenitis camilla
ilLitOrni1,Grey shoulder-knot,Metazoa,Arthropoda,Insecta,Lepidoptera,Noctuidae,Lithophane,Lithophane ornitopus
ilLitSemi2,Tawny pinion,Metazoa,Arthropoda,Insecta,Lepidoptera,Noctuidae,Lithophane,Lithophane semibrunnea
ilLitSoci1,Pale pinion,Metazoa,Arthropoda,Insecta,Lepidoptera,Noctuidae,Lithophane,Lithophane socia
ilLobHalt1,The seraphim,Metazoa,Arthropoda,Insecta,Lepidoptera,Geometridae,Lobophora,Lobophora halterata
ilLomBima1,White-pinioned spotted,Metazoa,Arthropoda,Insecta,Lepidoptera,Geometridae,Lomographa,Lomographa bimaculata
ilLupTest1,.,Metazoa,Arthropoda,Insecta,Lepidoptera,Noctuidae,Luperina,Luperina testacea
ilLycHirt1,Brindled beauty,Metazoa,Arthropoda,Insecta,Lepidoptera,Geometridae,Lycia,Lycia hirtaria
ilLycPhla1,Small copper,Metazoa,Arthropoda,Insecta,Lepidoptera,Lycaenidae,Lycaena,Lycaena phlaeas
ilLymMona1,Black arches,Metazoa,Arthropoda,Insecta,Lepidoptera,Erebidae,Lymantria,Lymantria monacha
ilLysBell1,Adonis blue,Metazoa,Arthropoda,Insecta,Lepidoptera,Lycaenidae,Lysandra,Lysandra bellargus
ilLysCori1,Chalkhill blue,Metazoa,Arthropoda,Insecta,Lepidoptera,Lycaenidae,Lysandra,Lysandra coridon
ilMacNota1,Peacock moth,Metazoa,Arthropoda,Insecta,Lepidoptera,Geometridae,Macaria,Macaria notata
ilMamBras1,Cabbage moth,Metazoa,Arthropoda,Insecta,Lepidoptera,Noctuidae,Mamestra,Mamestra brassicae
ilManJurt1,Meadow brown,Metazoa,Arthropoda,Insecta,Lepidoptera,Nymphalidae,Maniola,Maniola jurtina
ilMarLuna1,Crescent plume,Metazoa,Arthropoda,Insecta,Lepidoptera,Pterophoridae,Marasmarcha,Marasmarcha lunaedactyla
ilMegAlbu1,Kent black arches,Metazoa,Arthropoda,Insecta,Lepidoptera,Nolidae,Meganola,Meganola albula
ilMelAtha1,Heath fritillary,Metazoa,Arthropoda,Insecta,Lepidoptera,Nymphalidae,Melitaea,Mellicta athalia
ilMelCinx1,Glanville fritillary,Metazoa,Arthropoda,Insecta,Lepidoptera,Nymphalidae,Melitaea,Melitaea cinxia
ilMelGala2,Marbled white,Metazoa,Arthropoda,Insecta,Lepidoptera,Nymphalidae,Melanargia,Melanargia galathea
ilMelPers1,Dot moth,Metazoa,Arthropoda,Insecta,Lepidoptera,Noctuidae,Melanchra,Melanchra persicariae
ilMesFuru1,Cloaked minor,Metazoa,Arthropoda,Insecta,Lepidoptera,Noctuidae,Mesoligia,Mesoligia furuncula
ilMicArun2,White-barred gold,Metazoa,Arthropoda,Insecta,Lepidoptera,Micropterigidae,Micropterix,Micropterix aruncella
ilMilMini2,Rosy footman,Metazoa,Arthropoda,Insecta,Lepidoptera,Erebidae,Miltochrista,Miltochrista miniata
ilMimTili1,Lime hawk-moth,Metazoa,Arthropoda,Insecta,Lepidoptera,Sphingidae,Mimas,Mimas tiliae
ilMonLaev2,Skin moth,Metazoa,Arthropoda,Insecta,Lepidoptera,Tineidae,Monopis,Monopis laevigella
ilMusNiti1,.,Metazoa,Arthropoda,Insecta,Lepidoptera,Crambidae,Musotima,Musotima nitidalis
ilMytAlbi1,White-point,Metazoa,Arthropoda,Insecta,Lepidoptera,Noctuidae,Mythimna,Mythimna albipuncta
ilMytFerr1,The clay,Metazoa,Arthropoda,Insecta,Lepidoptera,Noctuidae,Mythimna,Mythimna ferrago
ilMytImpu1,Smoky wainscot,Metazoa,Arthropoda,Insecta,Lepidoptera,Noctuidae,Mythimna,Mythimna impura
ilNemSwae1,Large long-horn,Metazoa,Arthropoda,Insecta,Lepidoptera,Adelidae,Nematopogon,Nematopogon swammerdamellus
ilNocFimb1,Broad-bordered yellow underwing,Metazoa,Arthropoda,Insecta,Lepidoptera,Noctuidae,Noctua,Noctua fimbriata
ilNocJant1,Tesser broad-boardered yellow underwing,Metazoa,Arthropoda,Insecta,Lepidoptera,Noctuidae,Noctua,Noctua janthe
ilNocPron1,Large yellow underwing,Metazoa,Arthropoda,Insecta,Lepidoptera,Noctuidae,Noctua,Noctua pronuba
ilNotDrom1,Iron prominent,Metazoa,Arthropoda,Insecta,Lepidoptera,Notodontidae,Notodonta,Notodonta dromedarius
ilNotUddm1,Bramble shoot,Metazoa,Arthropoda,Insecta,Lepidoptera,Tortricidae,Notocelia,Notocelia uddmanniana
ilNotZicz1,Pebble prominent,Metazoa,Arthropoda,Insecta,Lepidoptera,Notodontidae,Notodonta,Notodonta ziczac
ilNycReva1,Oak nycteoline,Metazoa,Arthropoda,Insecta,Lepidoptera,Nolidae,Nycteola,Nycteola revayana
ilNymNiti1,Beautiful china-mark,Metazoa,Arthropoda,Insecta,Lepidoptera,Crambidae,Nymphula,Nymphula nitidulata
ilNymPoly1,Large tortoiseshell,Metazoa,Arthropoda,Insecta,Lepidoptera,Nymphalidae,Nymphalis,Nymphalis polychloros
ilOchPlec1,Flame shoulder,Metazoa,Arthropoda,Insecta,Lepidoptera,Noctuidae,Ochropleura,Ochropleura plecta
ilOchSylv3,Large skipper,Metazoa,Arthropoda,Insecta,Lepidoptera,Hesperiidae,Ochlodes,Ochlodes sylvanus
ilOliLatr1,.,Metazoa,Arthropoda,Insecta,Lepidoptera,Noctuidae,Oligia,Oligia latruncula
ilOmpLuno1,Lunar underwing,Metazoa,Arthropoda,Insecta,Lepidoptera,Noctuidae,Omphaloscelis,Omphaloscelis lunosa
ilOpeBrum1,Winter moth,Metazoa,Arthropoda,Insecta,Lepidoptera,Geometridae,Operophtera,Operophtera brumata
ilOpiLute1,Brimstone moth,Metazoa,Arthropoda,Insecta,Lepidoptera,Geometridae,Opisthograptis,Opisthograptis luteolata
ilOrgAnti1,Rusty tussock moth,Metazoa,Arthropoda,Insecta,Lepidoptera,Erebidae,Orgyia,Orgyia antiqua
ilOrtGrac1,Powdered quaker,Metazoa,Arthropoda,Insecta,Lepidoptera,Noctuidae,Orthosia,Orthosia gracilis
ilOrtInce1,Clouded drab,Metazoa,Arthropoda,Insecta,Lepidoptera,Noctuidae,Orthosia,Orthosia incerta
ilPamAuri1,Sycamore piercer,Metazoa,Arthropoda,Insecta,Lepidoptera,Tortricidae,Pammene,Pammene aurita
ilPamFasc1,Acorn piercer,Metazoa,Arthropoda,Insecta,Lepidoptera,Tortricidae,Pammene,Pammene fasciana
ilPanCinn1,White-faced tortrix,Metazoa,Arthropoda,Insecta,Lepidoptera,Tortricidae,Pandemis,Pandemis cinnamomeana
ilPapMach1,Common yellow swallowtail,Metazoa,Arthropoda,Insecta,Lepidoptera,Papilionidae,Papilio,Papilio machaon
ilParAegt1,Speckled wood,Metazoa,Arthropoda,Insecta,Lepidoptera,Nymphalidae,Pararge,Pararge aegeria
ilParStra1,Ringed china-mark,Metazoa,Arthropoda,Insecta,Lepidoptera,Crambidae,Parapoynx,Parapoynx stratiotata
ilPerRhom1,Willow beauty,Metazoa,Arthropoda,Insecta,Lepidoptera,Geometridae,Peribatodes,Peribatodes rhomboidaria
ilPhaBuce1,Buff-tip,Metazoa,Arthropoda,Insecta,Lepidoptera,Notodontidae,Phalera,Phalera bucephala
ilPheGnom1,Lesser swallow prominent,Metazoa,Arthropoda,Insecta,Lepidoptera,Notodontidae,Pheosia,Pheosia gnoma
ilPheTrem1,Swallow prominent,Metazoa,Arthropoda,Insecta,Lepidoptera,Notodontidae,Pheosia,Pheosia tremula
ilPhiVetu1,Brown scallop,Metazoa,Arthropoda,Insecta,Lepidoptera,Geometridae,Philereme,Philereme vetulata
ilPhlMeti2,Angle shades,Metazoa,Arthropoda,Insecta,Lepidoptera,Noctuidae,Phlogophora,Phlogophora meticulosa
ilPhrFuli1,Ruby tiger,Metazoa,Arthropoda,Insecta,Lepidoptera,Erebidae,Phragmatobia,Phragmatobia fuliginosa
ilPieBrab1,Large white,Metazoa,Arthropoda,Insecta,Lepidoptera,Pieridae,Pieris,Pieris brassicae
ilPieNapi4,Green-veined white,Metazoa,Arthropoda,Insecta,Lepidoptera,Pieridae,Pieris,Pieris napi
ilPieRapa1,Small white,Metazoa,Arthropoda,Insecta,Lepidoptera,Pieridae,Pieris,Pieris rapae
ilPleArgu1,Silver-studded blue,Metazoa,Arthropoda,Insecta,Lepidoptera,Lycaenidae,Plebejus,Plebejus argus
ilPluXylo3,Diamondback moth,Metazoa,Arthropoda,Insecta,Lepidoptera,Plutellidae,Plutella,Plutella xylostella
ilPolIcar1,Common blue,Metazoa,Arthropoda,Insecta,Lepidoptera,Lycaenidae,Polyommatus,Polyommatus icarus
ilPolLich1,.,Metazoa,Arthropoda,Insecta,Lepidoptera,Noctuidae,Polymixis,Polymixis lichenea
ilProPyga1,Marbled white spot,Metazoa,Arthropoda,Insecta,Lepidoptera,Noctuidae,Protodeltote,Protodeltote pygarga
ilPtiCapc1,Coxcomb prominent,Metazoa,Arthropoda,Insecta,Lepidoptera,Notodontidae,Ptilodon,Ptilodon capucinus
ilPyrFari1,.,Metazoa,Arthropoda,Insecta,Lepidoptera,Pyralidae,Pyralis,Pyralis farinalis
ilPyrMalv3,Grizzled skipper,Metazoa,Arthropoda,Insecta,Lepidoptera,Hesperiidae,Pyrgus,Pyrgus malvae
ilSatPavo1,Emperor moth,Metazoa,Arthropoda,Insecta,Lepidoptera,Saturniidae,Saturnia,Saturnia pavonia
ilSchCost1,Pinion-streaked snout,Metazoa,Arthropoda,Insecta,Lepidoptera,Erebidae,Schrankia,Schrankia costaestrigalis
ilSelDent1,Early thorn,Metazoa,Arthropoda,Insecta,Lepidoptera,Geometridae,Selenia,Selenia dentaria
ilSesApif2,Hornet moth,Metazoa,Arthropoda,Insecta,Lepidoptera,Sesiidae,Sesia,Sesia apiformis
ilSesBemb1,Lunar hornet clearwing,Metazoa,Arthropoda,Insecta,Lepidoptera,Sesiidae,Sesia,Sesia bembeciformis
ilShaVerb5,Mullein moth,Metazoa,Arthropoda,Insecta,Lepidoptera,Noctuidae,Cucullia,Shargacucullia verbasci
ilSphPina1,Pine hawkmoth,Metazoa,Arthropoda,Insecta,Lepidoptera,Sphingidae,Sphinx,Sphinx pinastri
ilSpiLubr1,White ermine,Metazoa,Arthropoda,Insecta,Lepidoptera,Erebidae,Spilosoma,Spilosoma lubricipeda
ilSpiLutu1,Buff ermine,Metazoa,Arthropoda,Insecta,Lepidoptera,Erebidae,Spilarctia,Spilarctia lutea
ilSteBipu1,Twin-spot plume,Metazoa,Arthropoda,Insecta,Lepidoptera,Pterophoridae,Stenoptilia,Stenoptilia bipunctidactyla
ilSynAndr1,Orange-tailed clearwing,Metazoa,Arthropoda,Insecta,Lepidoptera,Sesiidae,Synanthedon,Synanthedon andrenaeformis
ilSynForm1,Red-tipped clearwing,Metazoa,Arthropoda,Insecta,Lepidoptera,Sesiidae,Synanthedon,Synanthedon formicaeformis
ilSynMyop1,Red-belted clearwing,Metazoa,Arthropoda,Insecta,Lepidoptera,Sesiidae,Synanthedon,Synanthedon myopaeformis
ilSynTipu2,Currant clearwing,Metazoa,Arthropoda,Insecta,Lepidoptera,Sesiidae,Synanthedon,Synanthedon tipuliformis
ilSynVesp1,Yellow-legged clearwing,Metazoa,Arthropoda,Insecta,Lepidoptera,Sesiidae,Synanthedon,Synanthedon vespiformis
ilTelLucu1,Crescent groundling,Metazoa,Arthropoda,Insecta,Lepidoptera,Gelechiidae,Teleiodes,Teleiodes luculella
ilThaMatu1,Straw underwing,Metazoa,Arthropoda,Insecta,Lepidoptera,Noctuidae,Thalpophila,Thalpophila matura
ilTheBrit1,Spruce carpet,Metazoa,Arthropoda,Insecta,Lepidoptera,Geometridae,Thera,Thera britannica
ilTheObel3,.,Metazoa,Arthropoda,Insecta,Lepidoptera,Geometridae,Thera,Thera obeliscata
ilThoDeci1,Feathered gothic,Metazoa,Arthropoda,Insecta,Lepidoptera,Noctuidae,Tholera,Tholera decimalis
ilThuSene1,Round-winged muslin,Metazoa,Arthropoda,Insecta,Lepidoptera,Erebidae,Thumatha,Thumatha senex
ilThyBati1,Peach blossom,Metazoa,Arthropoda,Insecta,Lepidoptera,Drepanidae,Thyatira,Thyatira batis
ilThySylv1,Small skipper,Metazoa,Arthropoda,Insecta,Lepidoptera,Hesperiidae,Thymelicus,Thymelicus sylvestris
ilTilAura1,Barred sallow,Metazoa,Arthropoda,Insecta,Lepidoptera,Noctuidae,Tiliacea,Tiliacea aurago
ilTinPell1,Casemaking clothes moth,Metazoa,Arthropoda,Insecta,Lepidoptera,Tineidae,Tinea,Tinea pellionella
ilTinSemi1,Fulvous clothes moth,Metazoa,Arthropoda,Insecta,Lepidoptera,Tineidae,Tinea,Tinea semifulvella
ilTinTrin1,Bird's-nest moth,Metazoa,Arthropoda,Insecta,Lepidoptera,Tineidae,Tinea,Tinea trinotella
ilTorAlte1,Winter shade,Metazoa,Arthropoda,Insecta,Lepidoptera,Tortricidae,Tortricodes,Tortricodes alternella
ilTriEmor1,Olive crescent,Metazoa,Arthropoda,Insecta,Lepidoptera,Noctuidae,Trisateles,Trisateles emortualis
ilTyrJaco4,Cinnabar moth,Metazoa,Arthropoda,Insecta,Lepidoptera,Erebidae,Tyria,Tyria jacobaeae
ilUdeOliv2,Olive pearl,Metazoa,Arthropoda,Insecta,Lepidoptera,Crambidae,Udea,Udea olivalis
ilVanAtal1,Red admiral,Metazoa,Arthropoda,Insecta,Lepidoptera,Nymphalidae,Vanessa,Vanessa atalanta
ilVanCard2,Painted lady,Metazoa,Arthropoda,Insecta,Lepidoptera,Nymphalidae,Vanessa,Vanessa cardui
ilWatBina1,Oak hook-tip,Metazoa,Arthropoda,Insecta,Lepidoptera,Drepanidae,Watsonalla,Watsonalla binaria
ilXanIcte2,.,Metazoa,Arthropoda,Insecta,Lepidoptera,Noctuidae,Xanthia,Xanthia icteritia
ilXanSpad1,Red twin-spot carpet,Metazoa,Arthropoda,Insecta,Lepidoptera,Geometridae,Xanthorhoe,Xanthorhoe spadicearia
ilXesCnig1,Setaceous hebrew character,Metazoa,Arthropoda,Insecta,Lepidoptera,Noctuidae,Xestia,Xestia c-nigrum
ilXesSexs1,Six-striped rustic,Metazoa,Arthropoda,Insecta,Lepidoptera,Noctuidae,Xestia,Xestia sexstrigata
ilXesXant1,Square-spot rustic,Metazoa,Arthropoda,Insecta,Lepidoptera,Noctuidae,Xestia,Xestia xanthographa
ilXylAreo1,.,Metazoa,Arthropoda,Insecta,Lepidoptera,Noctuidae,Xylocampa,Xylocampa areola
ilYpoCagn1,Spindle ermine,Metazoa,Arthropoda,Insecta,Lepidoptera,Yponomeutidae,Yponomeuta,Yponomeuta cagnagella
ilYpoPade2,Spindle ermine,Metazoa,Arthropoda,Insecta,Lepidoptera,Yponomeutidae,Yponomeuta,Yponomeuta cagnagella
ilYpoPlub1,Black-tipped ermine,Metazoa,Arthropoda,Insecta,Lepidoptera,Yponomeutidae,Yponomeuta,Yponomeuta plumbellus
ilYpoRore1,Apple ermine moth,Metazoa,Arthropoda,Insecta,Lepidoptera,Yponomeutidae,Yponomeuta,Yponomeuta malinellus
ilYpoSedl1,Grey ermine,Metazoa,Arthropoda,Insecta,Lepidoptera,Yponomeutidae,Yponomeuta,Yponomeuta sedellus
ilYpsScab1,Wainscot smudge,Metazoa,Arthropoda,Insecta,Lepidoptera,Ypsolophidae,Ypsolopha,Ypsolopha scabrella
ilYpsSequ2,Pied smudge,Metazoa,Arthropoda,Insecta,Lepidoptera,Ypsolophidae,Ypsolopha,Ypsolopha sequella
ilZeuPyri1,Leopard moth,Metazoa,Arthropoda,Insecta,Lepidoptera,Cossidae,Zeuzera,Zeuzera pyrina
ilZygFili1,6-spot burnet,Metazoa,Arthropoda,Insecta,Lepidoptera,Zygaenidae,Zygaena,Zygaena filipendulae
inChrCarn1,Common green lacewing,Metazoa,Arthropoda,Insecta,Neuroptera,Chrysopidae,Chrysoperla,Chrysoperla carnea
ioIscEleg1,.,Metazoa,Arthropoda,Insecta,Odonata,Coenagrionidae,Ischnura,Ischnura elegans
ioPlaPenn1,.,Metazoa,Arthropoda,Insecta,Odonata,Platycnemididae,Platycnemis,Platycnemis pennipes
ioSymStri1,Common darter,Metazoa,Arthropoda,Insecta,Odonata,Libellulidae,Sympetrum,Sympetrum striolatum
ipIsoGram3,Common yellow sally,Metazoa,Arthropoda,Insecta,Plecoptera,Perlodidae,Isoperla,Isoperla grammatica
ipLeuNigr2,.,Metazoa,Arthropoda,Insecta,Plecoptera,Leuctridae,Leuctra,Leuctra nigra
ipNemDubi1,.,Metazoa,Arthropoda,Insecta,Plecoptera,Nemouridae,Nemoura,Nemoura dubitans
ipNemPict2,.,Metazoa,Arthropoda,Insecta,Plecoptera,Nemouridae,Nemurella,Nemurella pictetii
ipProMont4,.,Metazoa,Arthropoda,Insecta,Plecoptera,Nemouridae,Protonemura,Protonemura montana
iyAllPice1,.,Metazoa,Arthropoda,Insecta,Hymenoptera,Ichneumonidae,Alloplasta,Alloplasta piceator
iyAmbArma2,.,Metazoa,Arthropoda,Insecta,Hymenoptera,Ichneumonidae,Amblyteles,Amblyteles armatorius
iyAncNigr1,Early mason-wasp,Metazoa,Arthropoda,Insecta,Hymenoptera,Vespidae,Ancistrocerus,Ancistrocerus nigricornis
iyAndBuce1,Big-headed mining bee,Metazoa,Arthropoda,Insecta,Hymenoptera,Andrenidae,Andrena,Andrena bucephala
iyAndDors1,Short-fringed mining bee,Metazoa,Arthropoda,Insecta,Hymenoptera,Andrenidae,Andrena,Andrena dorsata
iyAndFulv1,Tawny mining bee,Metazoa,Arthropoda,Insecta,Hymenoptera,Andrenidae,Andrena,Andrena fulva
iyAndHaem1,Red-tailed mining bee,Metazoa,Arthropoda,Insecta,Hymenoptera,Andrenidae,Andrena,Andrena haemorrhoa
iyAndHatt1,Large scabious mining bee,Metazoa,Arthropoda,Insecta,Hymenoptera,Andrenidae,Andrena,Andrena hattorfiana
iyAndMinu1,Common mini-mining bee,Metazoa,Arthropoda,Insecta,Hymenoptera,Andrenidae,Andrena,Andrena minutula
iyAnoNige1,.,Metazoa,Arthropoda,Insecta,Hymenoptera,Pompilidae,Anoplius,Anoplius nigerrimus
iyAthRosa1,Turnip sawfly,Metazoa,Arthropoda,Insecta,Hymenoptera,Tenthredinidae,Athalia,Athalia rosae
iyBomCamp1,Field cuckoo-bee,Metazoa,Arthropoda,Insecta,Hymenoptera,Apidae,Bombus,Bombus campestris
iyBomHort1,Garden bumblebee,Metazoa,Arthropoda,Insecta,Hymenoptera,Apidae,Bombus,Bombus hortorum
iyBomHypn1,Tree bumblebee,Metazoa,Arthropoda,Insecta,Hymenoptera,Apidae,Bombus,Bombus hypnorum
iyBomPasc1,Common carder bee,Metazoa,Arthropoda,Insecta,Hymenoptera,Apidae,Bombus,Bombus pascuorum
iyBomPrat1,Early bumblebee,Metazoa,Arthropoda,Insecta,Hymenoptera,Apidae,Bombus,Bombus pratorum
iyBomSyle1,Forest cuckoo bee,Metazoa,Arthropoda,Insecta,Hymenoptera,Apidae,Bombus,Bombus sylvestris
iyBomTerr1,Buff-tailed bumblebee,Metazoa,Arthropoda,Insecta,Hymenoptera,Apidae,Bombus,Bombus terrestris
iyBuaLabo1,.,Metazoa,Arthropoda,Insecta,Hymenoptera,Ichneumonidae,Buathra,Buathra laborator
iyCamRapt1,.,Metazoa,Arthropoda,Insecta,Hymenoptera,Ichneumonidae,Campoletis,Campoletis raptor
iyCerRyby1,Ornate tailed digger wasp,Metazoa,Arthropoda,Insecta,Hymenoptera,Crabronidae,Cerceris,Cerceris rybyensis
iyCliInci1,.,Metazoa,Arthropoda,Insecta,Hymenoptera,Ichneumonidae,Clistopyga,Clistopyga incitator
iyCoeConi1,.,Metazoa,Arthropoda,Insecta,Hymenoptera,Megachilidae,Coelioxys,Coelioxys conoideus
iyDolMedi1,Median wasp,Metazoa,Arthropoda,Insecta,Hymenoptera,Vespidae,Dolichovespula,Dolichovespula media
iyDolSaxo1,Saxon wasp,Metazoa,Arthropoda,Insecta,Hymenoptera,Vespidae,Dolichovespula,Dolichovespula saxonica
iyDolSylv1,Tree wasp,Metazoa,Arthropoda,Insecta,Hymenoptera,Vespidae,Dolichovespula,Dolichovespula sylvestris
iyEctCont1,.,Metazoa,Arthropoda,Insecta,Hymenoptera,Crabronidae,Ectemnius,Ectemnius continuus
iyEctLitu1,.,Metazoa,Arthropoda,Insecta,Hymenoptera,Crabronidae,Ectemnius,Ectemnius lituratus
iyIchXant1,.,Metazoa,Arthropoda,Insecta,Hymenoptera,Ichneumonidae,Ichneumon,Ichneumon xanthorius
iyLasLatv2,Furry-claspered furrow bee,Metazoa,Arthropoda,Insecta,Hymenoptera,Halictidae,Lasioglossum,Lasioglossum lativentre
iyLasMori1,Common green furrow bee,Metazoa,Arthropoda,Insecta,Hymenoptera,Halictidae,Lasioglossum,Lasioglossum morio
iyLasPaux1,Base-banded furrow bee,Metazoa,Arthropoda,Insecta,Hymenoptera,Halictidae,Lasioglossum,Lasioglossum pauxillum
iyMacEuro1,Yellow loosestrife bee,Metazoa,Arthropoda,Insecta,Hymenoptera,Melittidae,Macropis,Macropis europaea
iyMegLign1,Wood-carving leafcutter bee,Metazoa,Arthropoda,Insecta,Hymenoptera,Megachilidae,Megachile,Megachile ligniseca
iyMegWill1,Willughby's leafcutter bee,Metazoa,Arthropoda,Insecta,Hymenoptera,Megachilidae,Megachile,Megachile willughbiella
iyMimDahl1,.,Metazoa,Arthropoda,Insecta,Hymenoptera,Crabronidae,Mimumesa,Mimumesa dahlbomi
iyNetDila1,.,Metazoa,Arthropoda,Insecta,Hymenoptera,Ichneumonidae,Netelia,Netelia fuscicornis
iyNomFabr1,Fabricius' nomad bee,Metazoa,Arthropoda,Insecta,Hymenoptera,Apidae,Nomada,Nomada fabriciana
iyNomFuca1,Painted nomad bee,Metazoa,Arthropoda,Insecta,Hymenoptera,Apidae,Nomada,Nomada fucata
iyNysSpin1,Large spurred digger wasp,Metazoa,Arthropoda,Insecta,Hymenoptera,Crabronidae,Nysson,Nysson spinosus
iyOphLute1,.,Metazoa,Arthropoda,Insecta,Hymenoptera,Ichneumonidae,Ophion,Ophion slaviceki
iyPemLugu1,Mournful wasp,Metazoa,Arthropoda,Insecta,Hymenoptera,Crabronidae,Pemphredon,Pemphredon lugubris
iyRhoChlo1,Narrow-striped rhogogaster,Metazoa,Arthropoda,Insecta,Hymenoptera,Tenthredinidae,Rhogogaster,Rhogogaster chlorosoma
iySelTumu1,Bronze furrow bee,Metazoa,Arthropoda,Insecta,Hymenoptera,Halictidae,Seladonia,Seladonia tumulorum
iySphMoni1,Box-headed blood bee,Metazoa,Arthropoda,Insecta,Hymenoptera,Halictidae,Sphecodes,Sphecodes monilicornis
iyStePhae1,Plain dark bee,Metazoa,Arthropoda,Insecta,Hymenoptera,Megachilidae,Stelis,Stelis phaeoptera
iyTenDist1,Small wasp-sawfly,Metazoa,Arthropoda,Insecta,Hymenoptera,Tenthredinidae,Tenthredo,Tenthredo distinguenda
iyTenMeso1,Common green-tenthredo,Metazoa,Arthropoda,Insecta,Hymenoptera,Tenthredinidae,Tenthredo,Tenthredo mesomela
iyTenNoth1,.,Metazoa,Arthropoda,Insecta,Hymenoptera,Tenthredinidae,Tenthredo,Tenthredo notha
iyTipFemo1,Beetle killing wasp,Metazoa,Arthropoda,Insecta,Hymenoptera,Tiphiidae,Tiphia,Tiphia femorata
iyVesCrab1,European hornet,Metazoa,Arthropoda,Insecta,Hymenoptera,Vespidae,Vespa,Vespa crabro
iyVesGerm1,German wasp,Metazoa,Arthropoda,Insecta,Hymenoptera,Vespidae,Vespula,Vespula germanica
iyVesVulg1,Common wasp,Metazoa,Arthropoda,Insecta,Hymenoptera,Vespidae,Vespula,Vespula vulgaris
jaDiaLine6,Orange-striped anemone,Metazoa,Cnidaria,Anthozoa,Actiniaria,Diadumenidae,Diadumene,Diadumene lineata
jaMetSeni4,Brown sea anemone,Metazoa,Cnidaria,Anthozoa,Actiniaria,Metridiidae,Metridium,Metridium senile
jaNemVect1,.,Metazoa,Cnidaria,Anthozoa,Actiniaria,Edwardsiidae,Nematostella,Nematostella vectensis
jhCanCock6,(a hydroid),Metazoa,Cnidaria,Hydrozoa,Anthoathecata,Candelabridae,Candelabrum,Candelabrum cocksii
jrHalOcto1,Spotted kaleidoscope jellyfish,Metazoa,Cnidaria,Staurozoa,Stauromedusae,Kishinouyeidae,Haliclystus,Haliclystus octoradiatus
kaAplTurb1,(a colonial sea squirt),Metazoa,Chordata,Ascidiacea,Aplousobranchia,Polyclinidae,Aplidium,Aplidium turbinatum
kaAscMent1,(a solitary sea squirt),Metazoa,Chordata,Ascidiacea,Phlebobranchia,Ascidiidae,Ascidia,Ascidia mentula
kaClaLepa1,Light-bulb sea squirt,Metazoa,Chordata,Ascidiacea,Aplousobranchia,Clavelinidae,Clavelina,Clavelina lepadiformis
kcLamFluv1,European river lamprey,Metazoa,Chordata,Hyperoartia,Petromyzontiformes,Petromyzontidae,Lampetra,Lampetra fluviatilis
kmMyxGlut1,Atlantic hagfish,Metazoa,Chordata,Myxini,Myxiniformes,Myxinidae,Myxine,Myxine glutinosa
laTriPals1,.,Viridiplantae,Streptophyta,Magnoliopsida,Alismatales,Juncaginaceae,Triglochin,Triglochin palustris
lpBroSter1,Barren brome,Viridiplantae,Streptophyta,Magnoliopsida,Poales,Poaceae,Bromus,Bromus sterilis
lpCarAren1,.,Viridiplantae,Streptophyta,Magnoliopsida,Poales,Cyperaceae,Carex,Carex arenaria
lpCarDepa1,.,Viridiplantae,Streptophyta,Magnoliopsida,Poales,Cyperaceae,Carex,Carex depauperata
lpCarDivu1,.,Viridiplantae,Streptophyta,Magnoliopsida,Poales,Cyperaceae,Carex,Carex divulsa
lpCarPend1,Pendulous sedge,Viridiplantae,Streptophyta,Magnoliopsida,Poales,Cyperaceae,Carex,Carex pendula
lpCarRost1,.,Viridiplantae,Streptophyta,Magnoliopsida,Poales,Cyperaceae,Carex,Carex rostrata
lpCarSylv1,.,Viridiplantae,Streptophyta,Magnoliopsida,Poales,Cyperaceae,Carex,Carex sylvatica
lpJunEffu1,.,Viridiplantae,Streptophyta,Magnoliopsida,Poales,Juncaceae,Juncus,Juncus effusus
lpLuzSylv1,.,Viridiplantae,Streptophyta,Magnoliopsida,Poales,Juncaceae,Luzula,Luzula sylvatica
lpPhrAust1,Common reed,Viridiplantae,Streptophyta,Magnoliopsida,Poales,Poaceae,Phragmites,Phragmites australis
lpSchLacu1,.,Viridiplantae,Streptophyta,Magnoliopsida,Poales,Cyperaceae,Schoenoplectus,Schoenoplectus lacustris
lpSchTriq1,Club-rush,Viridiplantae,Streptophyta,Magnoliopsida,Poales,Cyperaceae,Schoenoplectus,Schoenoplectus triqueter
mApoSyl1,Wood mouse,Metazoa,Chordata,Mammalia,Rodentia,Muridae,Apodemus,Apodemus sylvaticus
mCanLor1,Greenland wolf,Metazoa,Chordata,Mammalia,Carnivora,Canidae,Canis,Canis lupus
mCerEla1,Red deer,Metazoa,Chordata,Mammalia,Artiodactyla,Cervidae,Cervus,Cervus elaphus
mDelDel1,Saddleback dolphin,Metazoa,Chordata,Mammalia,Artiodactyla,Delphinidae,Delphinus,Delphinus delphis
mEptNil1,Northern bat,Metazoa,Chordata,Mammalia,Chiroptera,Vespertilionidae,Eptesicus,Eptesicus nilssonii
mGloMel1,Long-finned pilot whale,Metazoa,Chordata,Mammalia,Artiodactyla,Delphinidae,Globicephala,Globicephala melas
mHypAmp2,Northern bottlenose whale,Metazoa,Chordata,Mammalia,Artiodactyla,Ziphiidae,Hyperoodon,Hyperoodon ampullatus
mLagAlb1,White-beaked dolphin,Metazoa,Chordata,Mammalia,Artiodactyla,Delphinidae,Lagenorhynchus,Lagenorhynchus albirostris
mMarMar1,European pine marten,Metazoa,Chordata,Mammalia,Carnivora,Mustelidae,Martes,Martes martes
mMicMin1,European harvest mouse,Metazoa,Chordata,Mammalia,Rodentia,Muridae,Micromys,Micromys minutus
mMunRee1,Reeves' muntjac,Metazoa,Chordata,Mammalia,Artiodactyla,Cervidae,Muntiacus,Muntiacus reevesi
mMusMuc1,House mouse,Metazoa,Chordata,Mammalia,Rodentia,Muridae,Mus,Mus musculus
mOrcOrc1,Killer whale,Metazoa,Chordata,Mammalia,Artiodactyla,Delphinidae,Orcinus,Orcinus orca
mPhoPho1,Harbor porpoise,Metazoa,Chordata,Mammalia,Artiodactyla,Phocoenidae,Phocoena,Phocoena phocoena
mPipPyg2,Soprano pipistrelle,Metazoa,Chordata,Mammalia,Chiroptera,Vespertilionidae,Pipistrellus,Pipistrellus pygmaeus
mPleAur1,Brown big-eared bat,Metazoa,Chordata,Mammalia,Chiroptera,Vespertilionidae,Plecotus,Plecotus auritus
mSteCoe1,Striped dolphin,Metazoa,Chordata,Mammalia,Artiodactyla,Delphinidae,Stenella,Stenella coeruleoalba
paTetJugo1,.,Metazoa,Heterolobosea,Insecta,Lepidoptera,Vahlkampfiidae,Tetramitus,Tetramitus jugosus
pxEimPrae1,Coccidian parasite,Metazoa,Apicomplexa,Conoidasida,Eucoccidiorida,Eimeriidae,Eimeria,Eimeria praecox
qcStrAcum1,.,Metazoa,Arthropoda,Chilopoda,Geophilomorpha,Linotaeniidae,Strigamia,Strigamia acuminata
qhLepNord3,Sea louse,Metazoa,Arthropoda,Hexanauplia,Siphonostomatoida,Caligidae,Lepeophtheirus,Lepeophtheirus nordmannii
qqAmaFero1,.,Metazoa,Arthropoda,Arachnida,Araneae,Amaurobiidae,Amaurobius,Amaurobius ferox
qqArgBrue1,Wasp spider,Metazoa,Arthropoda,Arachnida,Araneae,Araneidae,Argiope,Argiope bruennichi
qqMetBour1,.,Metazoa,Arthropoda,Arachnida,Araneae,Tetragnathidae,Meta,Meta bourneti
qqMetSegm1,.,Metazoa,Arthropoda,Arachnida,Araneae,Tetragnathidae,Metellina,Metellina segmentata
qqOdiSpin1,.,Metazoa,Arthropoda,Arachnida,Opiliones,Phalangiidae,Odiellus,Odiellus spinosus
qqParLuna2,.,Metazoa,Arthropoda,Arachnida,Araneae,Theridiidae,Parasteatoda,Parasteatoda lunata
qqTetMont2,Silver stretch spider,Metazoa,Arthropoda,Arachnida,Araneae,Tetragnathidae,Tetragnatha,Tetragnatha montana
qxSacCarc1,Crab hacker barnacle,Metazoa,Arthropoda,Thecostraca,Araneae,Sacculinidae,Sacculina,Sacculina carcini
rZooViv1,Common lizard,Metazoa,Chordata,Lepidosauria,Squamata,Lacertidae,Zootoca,Zootoca vivipara
sRajBra1,Blonde ray,Metazoa,Chordata,Chondrichthyes,Rajiformes,Rajidae,Raja,Raja brachyura
tnLinLong1,Bootlace worm,Metazoa,Nemertea,Pilidiophora,Heteronemertea,Lineidae,Lineus,Lineus longissimus
tzBugNeri2,Ruby bryozoan,Metazoa,Bryozoa,Gymnolaemata,Cheilostomatida,Bugulidae,Bugula,Bugula neritina
tzBugStol2,An erect bryozoan,Metazoa,Bryozoa,Gymnolaemata,Cheilostomatida,Bugulidae,Bugulina,Bugulina stolonifera
tzCryPall5,An encrusting bryozoan,Metazoa,Bryozoa,Gymnolaemata,Cheilostomatida,Cryptosulidae,Cryptosula,Cryptosula pallasiana
tzMemMemb1,Sea mat,Metazoa,Bryozoa,Gymnolaemata,Cheilostomatida,Membraniporidae,Membranipora,Membranipora membranacea
tzWatSuba1,Red ripple bryozoan,Metazoa,Bryozoa,Gymnolaemata,Cheilostomatida,Watersiporidae,Watersipora,Watersipora subatra
ucDunPrim2,.,Viridiplantae,Chlorophyta,Chlorophyceae,Chlamydomonadales,Dunaliellaceae,Dunaliella,Dunaliella primolecta
ucMarCocc1,.,Viridiplantae,Chlorophyta,Trebouxiophyceae,Chlorellales,Chlorellaceae,Marvania,Marvania coccoides
ucPycProv1,.,Viridiplantae,Chlorophyta,Chlorophyceae,Chlamydomonadales,Pycnococcaceae,Pycnococcus,Pycnococcus provasolii
wcApoIcte1,.,Metazoa,Annelida,Clitellata,Crassiclitellata,Lumbricidae,Aporrectodea,Aporrectodea icterica
wcLumRube1,Red compost earthworm,Metazoa,Annelida,Clitellata,Crassiclitellata,Lumbricidae,Lumbricus,Lumbricus rubellus
wcLumTerr1,Common earthworm,Metazoa,Annelida,Clitellata,Crassiclitellata,Lumbricidae,Lumbricus,Lumbricus terrestris
wdMagJohn1,.,Metazoa,Annelida,Polychaeta,Spionida,Magelonidae,Magelona,Magelona johnstoni
wkErpOcto2,Leech,Metazoa,Annelida,Clitellata,Hirudinida,Erpobdellidae,Erpobdella,Erpobdella octoculata
wpAchSqua1,Star devouring scaleworm,Metazoa,Annelida,Polychaeta,Phyllodocida,Polynoidae,Acholoe,Acholoe squamosa
wpAleGela1,(a scale worm),Metazoa,Annelida,Polychaeta,Phyllodocida,Polynoidae,Alentia,Alentia gelatinosa
wpAliVire1,.,Metazoa,Annelida,Polychaeta,Phyllodocida,Nereididae,Alitta,Alitta virens
wpHarImpa5,(a scale worm),Metazoa,Annelida,Polychaeta,Phyllodocida,Polynoidae,Harmothoe,Harmothoe impar
wpSthLimi1,(a segmented worm),Metazoa,Annelida,Polychaeta,Phyllodocida,Sigalionidae,Sthenelais,Sthenelais limicola
wrPisGeom1,.,Metazoa,Annelida,Clitellata,Hirudinida,Piscicolidae,Piscicola,Piscicola geometra
wtTerLapi1,(a segmented worm),Metazoa,Annelida,Polychaeta,Terebellida,Terebellidae,Terebella,Terebella lapidaria
xbArcSenh1,Asian date mussel,Metazoa,Mollusca,Bivalvia,Mytilida,Mytilidae,Arcuatula,Arcuatula senhousia
xbAzoCham1,.,Metazoa,Mollusca,Bivalvia,Cardiida,Solecurtidae,Azorinus,Azorinus chamasolen
xbCerEdul1,Edible cockle,Metazoa,Mollusca,Bivalvia,Cardiida,Cardiidae,Cerastoderma,Cerastoderma edule
xbGarTell2,(a clam),Metazoa,Mollusca,Bivalvia,Cardiida,Psammobiidae,Gari,Gari tellinella
xbLutLutr1,Common otter shell,Metazoa,Mollusca,Bivalvia,Venerida,Mactridae,Lutraria,Lutraria lutraria
xbMagGiga1,Pacific oyster,Metazoa,Mollusca,Bivalvia,Ostreida,Ostreidae,Magallana,Magallana gigas
xbMimVari1,.,Metazoa,Mollusca,Bivalvia,Pectinida,Pectinidae,Mimachlamys,Mimachlamys varia
xbMytEdul2,Blue mussel,Metazoa,Mollusca,Bivalvia,Mytilida,Mytilidae,Mytilus,Mytilus edulis
xbOstEdul1,Native oyster,Metazoa,Mollusca,Bivalvia,Ostreida,Ostreidae,Ostrea,Ostrea edulis
xbSpiSoli1,(a clam),Metazoa,Mollusca,Bivalvia,Venerida,Mactridae,Spisula,Spisula solida
xbSpiSubt1,Cut surfclam,Metazoa,Mollusca,Bivalvia,Venerida,Mactridae,Spisula,Spisula subtruncata
xgAniVort1,Whirlpool ramshorn,Metazoa,Mollusca,Gastropoda,Lepidoptera,Planorbidae,Anisus,Anisus vortex
xgGibMagu1,Turban top shell,Metazoa,Mollusca,Gastropoda,Trochida,Trochidae,Gibbula,Gibbula magus
xgOncCelt3,Celtic sea slug,Metazoa,Mollusca,Gastropoda,Systellommatophora,Onchidiidae,Onchidella,Onchidella celtica
xgPatDepr1,Black-footed limpet,Metazoa,Mollusca,Gastropoda,Lepidoptera,Patellidae,Patella,Patella depressa
xgPatPell1,Blue-rayed limpet,Metazoa,Mollusca,Gastropoda,Trochida,Patellidae,Patella,Patella pellucida
xgPatUlys2,China limpet,Metazoa,Mollusca,Gastropoda,Fagales,Patellidae,Patella,Patella ulyssiponensis
xgPatVulg1,Common limpet,Metazoa,Mollusca,Gastropoda,Geophilomorpha,Patellidae,Patella,Patella vulgata
xgPhoLine1,Thick top shell,Metazoa,Mollusca,Gastropoda,Trochida,Trochidae,Phorcus,Phorcus lineatus
xgSteCine2,Grey top shell,Metazoa,Mollusca,Gastropoda,Trochida,Trochidae,Steromphala,Steromphala cineraria
xpLepCine2,Grey chiton,Metazoa,Mollusca,Polyplacophora,Chitonida,Tonicellidae,Lepidochitona,Lepidochitona cinerea