bAccGen1	bAccGen1
bAnaAcu1	bAnaAcu1
bAnsBra1	bAnsBra1
bCinCin1	bCinCin1
bClaHye2	bClaHye2
bFriCoe1	bFriCoe1
bLarFus1	bLarFus1
bPhaCar2	bPhaCar2
bTetUro1	bTetUro1
daAjuCham1	daAjuCham1
daArcMinu1	daArcMinu1
daBalNigr1	daBalNigr1
daGnaUlig1	daGnaUlig1
daLigVulg1	daLigVulg1
daLinVulg1	daLinVulg1
daMisOron1	daMisOron1
daPseLute1	daPseLute1
daPulDyse1	daPulDyse1
daScuGale1	daScuGale1
daScuMino1	daScuMino1
daSolDulc1	daSolDulc1
daVerOffi1	daVerOffi1
dcAgrGith1	dcAgrGith1
dcCheAlbu1	dcCheAlbu1
dcPolAvic1	dcPolAvic1
dcSalRamo1	dcSalRamo1
dcSpeBocc1	dcSpeBocc1
dcSpeMari1	dcSpeMari1
ddAraThal4	ddAraThal4
ddBarVulg1	ddBarVulg1
ddEupLath1	ddEupLath1
ddEupPepu3	ddEupPepu3
ddLepDidy1	ddLepDidy1
ddPopNigr1	ddPopNigr1
ddPriVeri1	ddPriVeri1
ddSalCapr1	ddSalCapr1
ddVioOdor1	ddVioOdor1
dhAlnGlut1	dhAlnGlut1
dmBerVulg1	dmBerVulg1
drAilAlti1	drAilAlti1
drAstGlyc1	drAstGlyc1
drBuxSemp1	drBuxSemp1
drChaAngu1	drChaAngu1
drCraLaev2	drCraLaev2
drEroMari8	drEroMari8
drFilUlma1	drFilUlma1
drGeuUrba1	drGeuUrba1
drHedHeli1	drHedHeli1
drIleAqui2	drIleAqui2
drMalDome10	drMalDome10
drMalDome11	drMalDome11
drMalDome5	drMalDome5
drMalRobu1	drMalRobu1
drMalSylv7	drMalSylv7
drMedArab1	drMedArab1
drMedLupu1	drMedLupu1
drParJuda1	drParJuda1
drPotAnse1	drPotAnse1
drPotSter1	drPotSter1
drPruPadu1	drPruPadu1
drPyrComm1	drPyrComm1
drTriFrag1	drTriFrag1
drTriSubt1	drTriSubt1
drUmbRupe1	drUmbRupe1
drUrtUren1	drUrtUren1
eaLuiSars1	eaLuiSars1
eaMarGlac1	eaMarGlac1
ecAntBifi1	ecAntBifi1
fAbrBra2	fAbrBra2
fAciRut3	fAciRut3
fBarBab1	fBarBab1
fBarBar1	fBarBar1
fBleOce1	fBleOce1
fCarCar2	fCarCar2
fCheLab1	fCheLab1
fConCon1	fConCon1
fCycLum2	fCycLum2
fDanRer4	fDanRer4
fEchVip8	fEchVip8
fEutGur1	fEutGur1
fGobGob1	fGobGob1
fGobNig1	fGobNig1
fHypImm3	fHypImm3
fLabBer1	fLabBer1
fLabMix1	fLabMix1
fLipPho2	fLipPho2
fMicPou1	fMicPou1
fMicVar1	fMicVar1
fPhoGun1	fPhoGun1
fPhoPho1	fPhoPho1
fPlaFle2	fPlaFle2
fPlePla1	fPlePla1
fPolPol2	fPolPol2
fPunPun2	fPunPun2
fRutRut2	fRutRut2
fScoMax1	fScoMax1
fScoSco1	fScoSco1
fSprSpr1	fSprSpr1
fSquCep2	fSquCep2
fSymMel2	fSymMel2
fSynAcu2	fSynAcu2
fTauBub2	fTauBub2
fTelBon1	fTelBon1
fThuMac1	fThuMac1
fTraTra1	fTraTra1
fZeuFab8	fZeuFab8
gfAgaBisp1	gfAgaBisp1
gfClaFumo1	gfClaFumo1
gfFlaVelt1	gfFlaVelt1
gfLaeSulp1	gfLaeSulp1
gfPleOstr1	gfPleOstr1
gfPorCaly1	gfPorCaly1
glLicPygm2	glLicPygm2
grCorFumo1	grCorFumo1
grSimLame1	grSimLame1
grTriPseu1	grTriPseu1
gsMetZobe1	gsMetZobe1
gzEntParv1	gzEntParv1
gzMucPiri1	gzMucPiri1
iHemFuc1	iHemFuc2
icAdaBipu1	icAdaBipu15
icAdaBipu1	icAdaBipu20
icAdaBipu1	icAdaBipu28
icAdaBipu1	icAdaBipu29
icAdaBipu1	icAdaBipu31
icAdaBipu1	icAdaBipu32
icAdaBipu1	icAdaBipu33
icAdaBipu1	icAdaBipu34
icAdaBipu1	icAdaBipu36
icAdaBipu1	icAdaBipu6
icAdaBipu1	icAdaBipu9
icAdaBipu1	icAdaBipu1
icAgoFuli1	icAgoFuli1
icAgrCyan1	icAgrCyan1
icAgrMuri1	icAgrMuri1
icAnaMacu3	icAnaMacu3
icApoCory1	icApoCory1
icCanRust1	icCanRust3
icCanRust1	icCanRust1
icCetAura1	icCetAura1
icChrOric1	icChrOric1
icCocSept1	icCocSept1
icCryMora2	icCryMora2
icElmAene2	icElmAene2
icHalSede1	icHalSede1
icHarAxyr1	icHarAxyr1
icLagHirt1	icLagHirt1
icLeiSpin1	icLeiSpin1
icLepMacu1	icLepMacu1
icLocCapr1	icLocCapr1
icLocCrat2	icLocCrat2
icMalBipu1	icMalBipu1
icMelMelo1	icMelMelo1
icNebBrev1	icNebBrev1
icNebSali1	icNebSali1
icOcyOlen1	icOcyOlen1
icOphArdo1	icOphArdo1
icPhiCogn1	icPhiCogn1
icPodAlpi1	icPodAlpi1
icPolCerv1	icPolCerv1
icPteMadi1	icPteMadi3
icPteMadi1	icPteMadi1
icPyrSerr1	icPyrSerr1
icRhaFulv1	icRhaFulv1
icSilAtra2	icSilAtra2
idAcrOrbc1	idAcrOrbc1
idBacElon1	idBacElon1
idBelPand1	idBelPand1
idBerChal2	idBerChal2
idBibMarc1	idBibMarc1
idBleFall4	idBleFall4
idBomDisc1	idBomDisc1
idBomMajo1	idBomMajo1
idBraLaph1	idBraLaph1
idCalVomi1	idCalVomi1
idCheImpr3	idCheImpr3
idChePaga1	idChePaga1
idCheUrba1	idCheUrba1
idCheVern2	idCheVern2
idCheVulp2	idCheVulp2
idChrBici1	idChrBici1
idCisGlob1	idCisGlob1
idCluTigr1	idCluTigr1
idCoePili4	idCoePili4
idCorMarg1	idCorMarg1
idCriBerb1	idCriBerb1
idDasAlbo1	idDasAlbo1
idEpiBalt1	idEpiBalt1
idEpiEuco1	idEpiEuco1
idEpiGros1	idEpiGros1
idEpiSucc1	idEpiSucc1
idEriArbu1	idEriArbu1
idEriPert2	idEriPert2
idEriSepu1	idEriSepu1
idEriTena2	idEriTena2
idEupCoro1	idEupCoro1
idEupLati1	idEupLati1
idGymRotn1	idGymRotn1
idLeuLate1	idLeuLate1
idLypDubi1	idLypDubi1
idMacAtri3	idMacAtri3
idMelAuri2	idMelAuri2
idMelMell2	idMelMell2
idMyaFlor2	idMyaFlor2
idMyoTess1	idMyoTess1
idNemNigr1	idNemNigr1
idNeoCyan1	idNeoCyan1
idNeoInte1	idNeoInte1
idNepAppe1	idNepAppe1
idNepFlae1	idNepFlae1
idNepScut1	idNepScut1
idNowFero1	idNowFero1
idPheCory1	idPheCory1
idPhyMeln1	idPhyMeln1
idPlaAlba1	idPlaAlba3
idPlaAlba1	idPlaAlba4
idPlaAlba1	idPlaAlba1
idPoeNobi2	idPoeNobi2
idPolAmen1	idPolAmen1
idPolAngu1	idPolAngu1
idPolDomi1	idPolDomi1
idProAzur1	idProAzur1
idRhiCamp1	idRhiCamp1
idSarCaer1	idSarCaer1
idSarRose1	idSarRose1
idSarSubv1	idSarSubv1
idSarVari1	idSarVari1
idScaPyra1	idScaPyra1
idSicFerr1	idSicFerr1
idSphTaen1	idSphTaen1
idStoLuna1	idStoLuna1
idSuiVari3	idSuiVari3
idSyrPipi1	idSyrPipi10
idSyrPipi1	idSyrPipi11
idSyrPipi1	idSyrPipi2
idSyrPipi1	idSyrPipi5
idSyrPipi1	idSyrPipi6
idSyrPipi1	idSyrPipi7
idSyrPipi1	idSyrPipi8
idSyrPipi1	idSyrPipi9
idSyrPipi1	idSyrPipi1
idTacFera2	idTacFera2
idTacLuri1	idTacLuri1
idTheAcut1	idTheAcut1
idTheAtra2	idTheAtra2
idTheSoli1	idTheSoli1
idVolInan1	idVolInan1
idVolInfl1	idVolInfl1
idXanPedi1	idXanPedi1
idXylSylv2	idXylSylv2
ihAcaHaem1	ihAcaHaem1
ihAelAcum1	ihAelAcum1
ihDrePlat2	ihDrePlat2
ihGonAcut1	ihGonAcut1
iiAthCine2	iiAthCine2
iiGlyPell1	iiGlyPell1
iiLimLuna2	iiLimLuna2
iiLimMarm1	iiLimMarm1
iiLimRhom1	iiLimRhom1
ilAbrTril1	ilAbrTril1
ilAbrTrip1	ilAbrTrip1
ilAceEphe1	ilAceEphe1
ilAchFlav2	ilAchFlav2
ilAclCris2	ilAclCris2
ilAclEmar1	ilAclEmar1
ilAclLite1	ilAclLite1
ilAclSpar1	ilAclSpar1
ilAcrAcer1	ilAcrAcer1
ilAcrLepo1	ilAcrLepo1
ilAcrPsix1	ilAcrPsix1
ilAcrSuav1	ilAcrSuav1
ilAglIoxx1	ilAglIoxx1
ilAglUrti1	ilAglUrti1
ilAgoAren1	ilAgoAren1
ilAgoSubp1	ilAgoSubp1
ilAgrAura1	ilAgrAura1
ilAgrCirc1	ilAgrCirc1
ilAgrLeuc1	ilAgrLeuc1
ilAgrLota1	ilAgrLota1
ilAgrMaci1	ilAgrMaci1
ilAgrMarg1	ilAgrMarg1
ilAgrTris1	ilAgrTris1
ilAllOxya1	ilAllOxya1
ilAlsAesc1	ilAlsAesc1
ilAmpBerb1	ilAmpBerb1
ilAmpLuce6	ilAmpLuce6
ilAmpOcul1	ilAmpOcul1
ilAmpTrag2	ilAmpTrag2
ilAnaInnx2	ilAnaInnx2
ilAnoMund1	ilAnoMund1
ilAntCard3	ilAntCard3
ilAntChix2	ilAntChix2
ilAntDeri1	ilAntDeri1
ilApaEpom1	ilApaEpom1
ilApaMono1	ilApaMono1
ilApaSord1	ilApaSord1
ilApeSyri1	ilApeSyri1
ilAplEffo1	ilAplEffo1
ilApoBetu1	ilApoBetu1
ilApoBist1	ilApoBist1
ilApoCapr1	ilApoCapr1
ilApoCrat1	ilApoCrat1
ilApoHisp1	ilApoHisp1
ilApoLima1	ilApoLima1
ilApoLuen1	ilApoLuen1
ilApoNigr3	ilApoNigr3
ilApoTurb1	ilApoTurb1
ilArcCraa1	ilArcCraa1
ilArcXylo1	ilArcXylo1
ilAriAges1	ilAriAges2
ilAriAges1	ilAriAges1
ilAriArta2	ilAriArta2
ilAteCent1	ilAteCent1
ilAthMouf1	ilAthMouf1
ilAutGamm1	ilAutGamm1
ilAutPulc1	ilAutPulc1
ilBemIchn1	ilBemIchn1
ilBicAnyn1	ilBicAnyn1
ilBisBetu1	ilBisBetu1
ilBlaAdus2	ilBlaAdus2
ilBlaLact1	ilBlaLact1
ilBolSele5	ilBolSele5
ilBraVimi1	ilBraVimi1
ilCalPalu1	ilCalPalu1
ilCamMarg1	ilCamMarg1
ilCarClav1	ilCarClav1
ilCarKade1	ilCarKade1
ilCarPala2	ilCarPala2
ilCarQuer1	ilCarQuer1
ilCatFrax1	ilCatFrax1
ilCelArgi3	ilCelArgi3
ilChaFerr1	ilChaFerr1
ilCheLega1	ilCheLega1
ilChlSite2	ilChlSite2
ilChrCulm1	ilChrCulm1
ilCloCurt1	ilCloCurt1
ilColCroc2	ilColCroc2
ilColFlav1	ilColFlav1
ilConVacc3	ilConVacc3
ilCosPyra2	ilCosPyra2
ilCosTrap1	ilCosTrap1
ilCraLigu1	ilCraLigu1
ilCroElin1	ilCroElin1
ilCyaSemi1	ilCyaSemi1
ilCybMeso1	ilCybMeso1
ilCydAmpl1	ilCydAmpl1
ilCydSple1	ilCydSple1
ilCydStro3	ilCydStro1
ilCydStro3	ilCydStro3
ilDeiPorc1	ilDeiPorc1
ilDiaChry1	ilDiaChry1
ilDiaMend1	ilDiaMend1
ilDiaRubi1	ilDiaRubi1
ilDicOoxx2	ilDicOoxx2
ilDilCaer1	ilDilCaer1
ilDreFalc1	ilDreFalc1
ilDryErem1	ilDryErem1
ilDryLabe1	ilDryLabe1
ilDryRufi1	ilDryRufi1
ilEclSila1	ilEclSila1
ilEilCani1	ilEilCani1
ilEilDepe1	ilEilDepe1
ilEilSoro1	ilEilSoro1
ilEleCory1	ilEleCory1
ilEleSimi1	ilEleSimi1
ilEmmMono1	ilEmmMono1
ilEndFlam1	ilEndFlam1
ilEnnFusc2	ilEnnFusc2
ilEnnQuei1	ilEnnQuei1
ilEpiBilu1	ilEpiBilu1
ilEpiDema1	ilEpiDema1
ilEpiNise2	ilEpiNise2
ilEpiRame1	ilEpiRame1
ilEraDefo1	ilEraDefo1
ilEreAeth2	ilEreAeth2
ilEreLige1	ilEreLige1
ilEryTage1	ilEryTage1
ilEspSulp1	ilEspSulp1
ilEucMixx1	ilEucMixx1
ilEudProf1	ilEudProf1
ilEugGlar6	ilEugGlar6
ilEulPrun1	ilEulPrun1
ilEulTest2	ilEulTest2
ilEupAbbr2	ilEupAbbr2
ilEupCent1	ilEupCent1
ilEupDodo1	ilEupDodo1
ilEupExig1	ilEupExig1
ilEupInsi1	ilEupInsi1
ilEupLuci1	ilEupLuci1
ilEupSimi1	ilEupSimi1
ilEupTran1	ilEupTran1
ilEupVulg1	ilEupVulg1
ilEuzPing2	ilEuzPing2
ilFabAdip1	ilFabAdip1
ilFurFurc1	ilFurFurc1
ilGanPyra1	ilGanPyra1
ilGlaAlex1	ilGlaAlex1
ilGriApri1	ilGriApri1
ilGymRufi1	ilGymRufi1
ilHabPyri1	ilHabPyri1
ilHecDyso1	ilHecDyso1
ilHedSali1	ilHedSali1
ilHemAest2	ilHemAest2
ilHemChry1	ilHemChry1
ilHerTari1	ilHerTari1
ilHesComm1	ilHesComm1
ilHipSeme1	ilHipSeme1
ilHofPseu3	ilHofPseu3
ilHydFurc1	ilHydFurc1
ilHydMica1	ilHydMica1
ilHylFasc1	ilHylFasc1
ilHypCost1	ilHypCost1
ilHypProb1	ilHypProb1
ilIdaAver1	ilIdaAver1
ilIncMasc1	ilIncMasc1
ilLacWlai2	ilLacWlai2
ilLamSuff1	ilLamSuff1
ilLaoPopu1	ilLaoPopu1
ilLasFlex1	ilLasFlex1
ilLasMege1	ilLasMege1
ilLatStri6	ilLatStri6
ilLepSina1	ilLepSina1
ilLeuSali1	ilLeuSali1
ilLigAdus1	ilLigAdus1
ilLimCami1	ilLimCami1
ilLitOrni1	ilLitOrni1
ilLitSemi2	ilLitSemi2
ilLitSoci1	ilLitSoci1
ilLobHalt1	ilLobHalt1
ilLomBima1	ilLomBima1
ilLupTest1	ilLupTest1
ilLycHirt1	ilLycHirt1
ilLycPhla1	ilLycPhla1
ilLymMona1	ilLymMona1
ilLysBell1	ilLysBell1
ilLysCori1	ilLysCori1
ilMacNota1	ilMacNota1
ilMamBras1	ilMamBras1
ilManJurt1	ilManJurt4
ilManJurt1	ilManJurt1
ilMarLuna1	ilMarLuna1
ilMegAlbu1	ilMegAlbu1
ilMelAtha1	ilMelAtha1
ilMelCinx1	ilMelCinx1
ilMelGala2	ilMelGala2
ilMelPers1	ilMelPers1
ilMesFuru1	ilMesFuru1
ilMilMini2	ilMilMini2
ilMimTili1	ilMimTili1
ilMonLaev2	ilMonLaev1
ilMonLaev2	ilMonLaev2
ilMusNiti1	ilMusNiti1
ilMytAlbi1	ilMytAlbi1
ilMytFerr1	ilMytFerr1
ilMytImpu1	ilMytImpu1
ilNemSwae1	ilNemSwae1
ilNocFimb1	ilNocFimb1
ilNocJant1	ilNocJant1
ilNocPron1	ilNocPron1
ilNotDrom1	ilNotDrom1
ilNotUddm1	ilNotUddm1
ilNotZicz1	ilNotZicz1
ilNycReva1	ilNycReva1
ilNymNiti1	ilNymNiti1
ilNymPoly1	ilNymPoly1
ilOchPlec1	ilOchPlec1
ilOchSylv3	ilOchSylv3
ilOliLatr1	ilOliLatr1
ilOmpLuno1	ilOmpLuno1
ilOpeBrum1	ilOpeBrum1
ilOpiLute1	ilOpiLute1
ilOrgAnti1	ilOrgAnti2
ilOrgAnti1	ilOrgAnti1
ilOrtGrac1	ilOrtGrac1
ilOrtInce1	ilOrtInce1
ilPamAuri1	ilPamAuri1
ilPamFasc1	ilPamFasc1
ilPanCinn1	ilPanCinn1
ilPapMach1	ilPapMach1
ilParAegt1	ilParAegt1
ilParStra1	ilParStra1
ilPerRhom1	ilPerRhom1
ilPhaBuce1	ilPhaBuce1
ilPheGnom1	ilPheGnom1
ilPheTrem1	ilPheTrem1
ilPhiVetu1	ilPhiVetu1
ilPhlMeti2	ilPhlMeti2
ilPhrFuli1	ilPhrFuli1
ilPieBrab1	ilPieBrab1
ilPieNapi4	ilPieNapi1
ilPieNapi4	ilPieNapi4
ilPieRapa1	ilPieRapa1
ilPleArgu1	ilPleArgu1
ilPluXylo3	ilPluXylo3
ilPolIcar1	ilPolIcar1
ilPolLich1	ilPolLich1
ilProPyga1	ilProPyga1
ilPtiCapc1	ilPtiCapc1
ilPyrFari1	ilPyrFari1
ilPyrMalv3	ilPyrMalv3
ilSatPavo1	ilSatPavo1
ilSchCost1	ilSchCost1
ilSelDent1	ilSelDent1
ilSesApif2	ilSesApif2
ilSesBemb1	ilSesBemb1
ilShaVerb5	ilShaVerb5
ilSphPina1	ilSphPina1
ilSpiLubr1	ilSpiLubr1
ilSpiLutu1	ilSpiLutu1
ilSteBipu1	ilSteBipu1
ilSynAndr1	ilSynAndr1
ilSynForm1	ilSynForm1
ilSynMyop1	ilSynMyop1
ilSynTipu2	ilSynTipu2
ilSynVesp1	ilSynVesp1
ilTelLucu1	ilTelLucu1
ilThaMatu1	ilThaMatu1
ilTheBrit1	ilTheBrit1
ilTheObel3	ilTheObel3
ilThoDeci1	ilThoDeci1
ilThuSene1	ilThuSene1
ilThyBati1	ilThyBati1
ilThySylv1	ilThySylv1
ilTilAura1	ilTilAura1
ilTinPell1	ilTinPell1
ilTinSemi1	ilTinSemi1
ilTinTrin1	ilTinTrin1
ilTorAlte1	ilTorAlte1
ilTriEmor1	ilTriEmor1
ilTyrJaco4	ilTyrJaco4
ilUdeOliv2	ilUdeOliv2
ilVanAtal1	ilVanAtal1
ilVanCard2	ilVanCard2
ilWatBina1	ilWatBina1
ilXanIcte2	ilXanIcte2
ilXanSpad1	ilXanSpad1
ilXesCnig1	ilXesCnig1
ilXesSexs1	ilXesSexs1
ilXesXant1	ilXesXant1
ilXylAreo1	ilXylAreo1
ilYpoCagn1	ilYpoCagn5
ilYpoCagn1	ilYpoCagn1
ilYpoPade2	ilYpoPade1
ilYpoPade2	ilYpoPade2
ilYpoPlub1	ilYpoPlub1
ilYpoRore1	ilYpoRore1
ilYpoSedl1	ilYpoSedl1
ilYpsScab1	ilYpsScab1
ilYpsSequ2	ilYpsSequ2
ilZeuPyri1	ilZeuPyri1
ilZygFili1	ilZygFili1
inChrCarn1	inChrCarn1
ioIscEleg1	ioIscEleg1
ioPlaPenn1	ioPlaPenn1
ioSymStri1	ioSymStri1
ipIsoGram3	ipIsoGram3
ipLeuNigr2	ipLeuNigr2
ipNemDubi1	ipNemDubi1
ipNemPict2	ipNemPict2
ipProMont4	ipProMont4
iyAncNigr1	iyAncNigr1
iyAndBuce1	iyAndBuce1
iyAndDors1	iyAndDors1
iyAndFulv1	iyAndFulv1
iyAndHaem1	iyAndHaem1
iyAndHatt1	iyAndHatt1
iyAndMinu1	iyAndMinu1
iyAnoNige1	iyAnoNige1
iyAthRosa1	iyAthRosa2
iyAthRosa1	iyAthRosa1
iyBomHort1	iyBomHort1
iyBomPasc1	iyBomPasc1
iyBomPrat1	iyBomPrat1
iyBomTerr1	iyBomTerr1
iyBuaLabo1	iyBuaLabo1
iyCamRapt1	iyCamRapt1
iyCerRyby1	iyCerRyby1
iyCliInci1	iyCliInci1
iyCoeConi1	iyCoeConi1
iyDolMedi1	iyDolMedi1
iyEctCont1	iyEctCont1
iyEctLitu1	iyEctLitu1
iyIchXant1	iyIchXant1
iyLasLatv2	iyLasLatv2
iyLasMori1	iyLasMori1
iyLasPaux1	iyLasPaux1
iyMegLign1	iyMegLign1
iyMegWill1	iyMegWill1
iyMimDahl1	iyMimDahl1
iyNetDila1	iyNetDila1
iyNomFabr1	iyNomFabr1
iyNomFuca1	iyNomFuca1
iyNysSpin1	iyNysSpin1
iyOphLute1	iyOphLute1
iyPemLugu1	iyPemLugu1
iyRhoChlo1	iyRhoChlo1
iyStePhae1	iyStePhae1
iyTenMeso1	iyTenMeso1
iyTenNoth1	iyTenNoth1
iyTipFemo1	iyTipFemo1
iyVesCrab1	iyVesCrab1
iyVesGerm1	iyVesGerm1
iyVesVulg1	iyVesVulg2
iyVesVulg1	iyVesVulg3
iyVesVulg1	iyVesVulg5
iyVesVulg1	iyVesVulg1
jaDiaLine6	jaDiaLine6
jaMetSeni4	jaMetSeni4
jaNemVect1	jaNemVect1
jhCanCock6	jhCanCock6
jrHalOcto1	jrHalOcto1
kaAplTurb1	kaAplTurb1
kaAscMent1	kaAscMent1
kaClaLepa1	kaClaLepa1
kcLamFluv1	kcLamFluv1
laTriPals1	laTriPals1
lpBroSter1	lpBroSter1
lpCarAren1	lpCarAren1
lpCarDepa1	lpCarDepa1
lpCarDivu1	lpCarDivu1
lpCarPend1	lpCarPend1
lpCarRost1	lpCarRost1
lpCarSylv1	lpCarSylv1
lpJunEffu1	lpJunEffu1
lpLuzSylv1	lpLuzSylv1
lpPhrAust1	lpPhrAust1
lpSchLacu1	lpSchLacu1
lpSchTriq1	lpSchTriq1
mCanLor1	mCanLor1
mCerEla1	mCerEla1
mDelDel1	mDelDel1
mEptNil1	mEptNil1
mGloMel1	mGloMel1
mHypAmp2	mHypAmp2
mLagAlb1	mLagAlb1
mMarMar1	mMarMar1
mMelMel3	mMelMel3
mMusMuc1	mMusMuc1
mOrcOrc1	mOrcOrc1
mPipPyg2	mPipPyg2
mPleAur1	mPleAur1
mSteCoe1	mSteCoe1
paTetJugo1	paTetJugo1
pxEimPrae1	pxEimPrae1
qcStrAcum1	qcStrAcum1
qhLepNord3	qhLepNord3
qqAmaFero1	qqAmaFero1
qqArgBrue1	qqArgBrue1
qqMetBour1	qqMetBour1
qqOdiSpin1	qqOdiSpin1
qqParLuna2	qqParLuna2
qqTetMont2	qqTetMont2
qxSacCarc1	qxSacCarc1
rZooViv1	rZooViv1
sRajBra1	sRajBra1
tnLinLong1	tnLinLong1
tzBugNeri2	tzBugNeri2
tzBugStol2	tzBugStol2
tzCryPall5	tzCryPall5
tzMemMemb1	tzMemMemb1
tzWatSuba1	tzWatSuba1
ucDunPrim2	ucDunPrim2
ucMarCocc1	ucMarCocc1
ucPycProv1	ucPycProv1
wcApoIcte1	wcApoIcte1
wcLumRube1	wcLumRube1
wcLumTerr1	wcLumTerr1
wdMagJohn1	wdMagJohn1
wkErpOcto2	wkErpOcto2
wpAchSqua1	wpAchSqua1
wpAleGela1	wpAleGela1
wpAliVire1	wpAliVire1
wpHarImpa5	wpHarImpa5
wpSthLimi1	wpSthLimi1
wrPisGeom1	wrPisGeom1
wtTerLapi1	wtTerLapi1
xbArcSenh1	xbArcSenh1
xbAzoCham1	xbAzoCham1
xbCerEdul1	xbCerEdul1
xbGarTell2	xbGarTell2
xbLutLutr1	xbLutLutr1
xbMagGiga1	xbMagGiga1
xbMimVari1	xbMimVari1
xbMytEdul2	xbMytEdul2
xbOstEdul1	xbOstEdul1
xbSpiSubt1	xbSpiSubt1
xgAniVort1	xgAniVort1
xgGibMagu1	xgGibMagu1
xgOncCelt3	xgOncCelt3
xgPatDepr1	xgPatDepr1
xgPatPell1	xgPatPell1
xgPatUlys2	xgPatUlys2
xgPatVulg1	xgPatVulg1
xgPhoLine1	PHORD0020b
xgPhoLine1	PHORD0021b
xgPhoLine1	PHORD0023b
xgPhoLine1	PHORD0024b
xgPhoLine1	PHORD0030b
xgPhoLine1	PHORD0031b
xgPhoLine1	PHORD0034b
xgPhoLine1	PHORD0038b
xgPhoLine1	PHORD0051b
xgPhoLine1	PHORD0058b
xgPhoLine1	PHORD0060b
xgPhoLine1	xgPhoLine1
xgPhoLine1	xgPhoLine2
xgSteCine2	xgSteCine2
xpLepCine2	xpLepCine2
